year,cntry_code,cases,deaths,cfr,country_name
1960,AFG,887,199,0.22435174746335965,Afghanistan
1965,AFG,218,55,0.25229357798165136,Afghanistan
1993,AFG,37046,931,0.0251309183177671,Afghanistan
1994,AFG,38735,118,0.003046340518910546,Afghanistan
1995,AFG,19903,624,0.031352057478772045,Afghanistan
1997,AFG,4170,125,0.02997601918465228,Afghanistan
1998,AFG,10000,0,0,Afghanistan
1999,AFG,24639,152,0.006169081537400057,Afghanistan
2000,AFG,4330,198,0.045727482678983834,Afghanistan
2001,AFG,4499,114,0.025338964214269837,Afghanistan
2002,AFG,3,,,Afghanistan
2003,AFG,41,7,0.17073170731707318,Afghanistan
2005,AFG,33,0,0,Afghanistan
2008,AFG,4384,22,0.005018248175182482,Afghanistan
2009,AFG,662,11,0.01661631419939577,Afghanistan
2010,AFG,2369,10,0.004221190375685944,Afghanistan
2011,AFG,3733,44,0.011786766675596035,Afghanistan
2012,AFG,12,0,0,Afghanistan
2013,AFG,3957,14,0.0035380338640384128,Afghanistan
2014,AFG,45481,4,8.7948813790374e-5,Afghanistan
2015,AFG,58064,8,1.3777900248002206e-4,Afghanistan
2016,AFG,677,5,0.007385524372230428,Afghanistan
2017,AFG,33,1,0.030303030303030304,Afghanistan
2018,AFG,0,0,,Afghanistan
2019,AFG,2,0,0,Afghanistan
2020,AFG,0,0,,Afghanistan
2021,AFG,4755,,,Afghanistan
2022,AFG,281485,100,3.5525871716077234e-4,Afghanistan
2023,AFG,222249,101,4.544452393486585e-4,Afghanistan
1971,AGO,1,,,Angola
1972,AGO,268,24,0.08955223880597014,Angola
1973,AGO,263,9,0.034220532319391636,Angola
1974,AGO,934,34,0.03640256959314775,Angola
1975,AGO,88,4,0.045454545454545456,Angola
1977,AGO,726,31,0.04269972451790634,Angola
1987,AGO,16222,1403,0.08648748612994699,Angola
1988,AGO,15500,1542,0.09948387096774193,Angola
1989,AGO,17601,925,0.05255383216862678,Angola
1990,AGO,9527,809,0.08491655295476015,Angola
1991,AGO,8590,582,0.06775320139697323,Angola
1992,AGO,3608,184,0.050997782705099776,Angola
1994,AGO,3443,187,0.054313099041533544,Angola
1995,AGO,3295,248,0.07526555386949924,Angola
1996,AGO,1306,42,0.03215926493108729,Angola
2005,AGO,0,0,,Angola
2006,AGO,67257,2722,0.04047162377150334,Angola
2007,AGO,18422,513,0.027847139289979374,Angola
2008,AGO,10511,243,0.023118637617733803,Angola
2009,AGO,2019,88,0.04358593363051015,Angola
2010,AGO,1484,30,0.02021563342318059,Angola
2011,AGO,1810,110,0.06077348066298342,Angola
2012,AGO,1215,98,0.08065843621399177,Angola
2013,AGO,6655,86,0.012922614575507137,Angola
2014,AGO,213,3,0.014084507042253521,Angola
2015,AGO,0,,,Angola
2016,AGO,78,3,0.038461538461538464,Angola
2017,AGO,828,43,0.051932367149758456,Angola
2018,AGO,1546,25,0.016170763260025874,Angola
2020,AGO,0,,,Angola
2021,AGO,0,0,,Angola
1994,ALB,626,25,0.039936102236421724,Albania
2015,ALB,0,,,Albania
2016,ALB,0,,,Albania
2017,ALB,0,,,Albania
2018,ALB,0,,,Albania
2019,ALB,0,,,Albania
2020,ALB,0,,,Albania
2021,ALB,0,,,Albania
2015,AND,0,,,Andorra
2016,AND,0,,,Andorra
2017,AND,0,,,Andorra
2018,AND,0,,,Andorra
2019,AND,0,,,Andorra
2020,AND,0,,,Andorra
2021,AND,0,,,Andorra
1972,ARE,2,0,0,United Arab Emirates
2002,ARE,3,,,United Arab Emirates
2017,ARE,12,0,0,United Arab Emirates
2020,ARE,13,0,0,United Arab Emirates
2021,ARE,153,0,0,United Arab Emirates
2022,ARE,37,0,0,United Arab Emirates
1992,ARG,553,15,0.027124773960216998,Argentina
1993,ARG,2350,34,0.01446808510638298,Argentina
1994,ARG,889,15,0.01687289088863892,Argentina
1995,ARG,188,1,0.005319148936170213,Argentina
1996,ARG,474,5,0.010548523206751054,Argentina
1997,ARG,637,12,0.018838304552590265,Argentina
1998,ARG,12,0,0,Argentina
2015,ARG,0,,,Argentina
2016,ARG,0,,,Argentina
2017,ARG,0,,,Argentina
2018,ARG,0,,,Argentina
2019,ARG,0,,,Argentina
2020,ARG,0,,,Argentina
2021,ARG,0,,,Argentina
1998,ARM,25,0,0,Armenia
2015,ARM,0,,,Armenia
2016,ARM,0,,,Armenia
2017,ARM,0,,,Armenia
2018,ARM,0,,,Armenia
2019,ARM,0,,,Armenia
2020,ARM,0,,,Armenia
2021,ARM,0,,,Armenia
1972,AUS,40,0,0,Australia
1977,AUS,2,0,0,Australia
1978,AUS,1,0,0,Australia
1979,AUS,1,0,0,Australia
1980,AUS,2,0,0,Australia
1981,AUS,2,0,0,Australia
1982,AUS,1,0,0,Australia
1983,AUS,4,0,0,Australia
1984,AUS,1,0,0,Australia
1985,AUS,2,0,0,Australia
1987,AUS,1,0,0,Australia
1988,AUS,1,0,0,Australia
1990,AUS,2,0,0,Australia
1992,AUS,3,0,0,Australia
1993,AUS,5,0,0,Australia
1994,AUS,3,0,0,Australia
1995,AUS,5,0,0,Australia
1996,AUS,2,0,0,Australia
1997,AUS,2,0,0,Australia
1998,AUS,5,0,0,Australia
1999,AUS,4,0,0,Australia
2000,AUS,1,,,Australia
2001,AUS,4,,,Australia
2002,AUS,5,,,Australia
2004,AUS,2,0,0,Australia
2005,AUS,2,0,0,Australia
2006,AUS,3,0,0,Australia
2007,AUS,3,0,0,Australia
2010,AUS,3,0,0,Australia
2011,AUS,6,0,0,Australia
2012,AUS,5,0,0,Australia
2013,AUS,3,0,0,Australia
2014,AUS,2,0,0,Australia
2015,AUS,2,,,Australia
2016,AUS,1,0,0,Australia
2017,AUS,3,0,0,Australia
2018,AUS,0,0,,Australia
2019,AUS,2,0,0,Australia
2020,AUS,0,0,,Australia
2021,AUS,1,0,0,Australia
2022,AUS,3,0,0,Australia
2023,AUS,3,0,0,Australia
1981,AUT,2,,,Austria
1990,AUT,2,0,0,Austria
1993,AUT,1,0,0,Austria
1994,AUT,1,0,0,Austria
1996,AUT,1,0,0,Austria
1998,AUT,1,0,0,Austria
1999,AUT,1,0,0,Austria
2001,AUT,0,,,Austria
2002,AUT,1,,,Austria
2005,AUT,1,0,0,Austria
2015,AUT,0,,,Austria
2016,AUT,0,,,Austria
2017,AUT,0,,,Austria
2018,AUT,0,,,Austria
2019,AUT,0,,,Austria
2020,AUT,0,,,Austria
2021,AUT,0,,,Austria
2022,AUT,1,0,0,Austria
1994,AZE,18,0,0,Azerbaijan
2015,AZE,0,,,Azerbaijan
2016,AZE,0,,,Azerbaijan
2017,AZE,0,,,Azerbaijan
2018,AZE,0,,,Azerbaijan
2019,AZE,0,,,Azerbaijan
2020,AZE,0,,,Azerbaijan
2021,AZE,0,,,Azerbaijan
1978,BDI,8297,248,0.029890321803061348,Burundi
1979,BDI,915,31,0.033879781420765025,Burundi
1980,BDI,2039,28,0.01373222167729279,Burundi
1981,BDI,582,11,0.018900343642611683,Burundi
1982,BDI,415,9,0.021686746987951807,Burundi
1983,BDI,512,35,0.068359375,Burundi
1984,BDI,180,10,0.05555555555555555,Burundi
1985,BDI,259,15,0.05791505791505792,Burundi
1990,BDI,82,,,Burundi
1991,BDI,3,,,Burundi
1992,BDI,479,29,0.060542797494780795,Burundi
1993,BDI,78,0,0,Burundi
1994,BDI,562,41,0.07295373665480427,Burundi
1995,BDI,2297,,,Burundi
1996,BDI,418,,,Burundi
1997,BDI,1959,95,0.04849412965798877,Burundi
1998,BDI,1067,26,0.02436738519212746,Burundi
1999,BDI,3440,63,0.018313953488372094,Burundi
2000,BDI,1021,16,0.015670910871694418,Burundi
2001,BDI,1003,20,0.019940179461615155,Burundi
2002,BDI,577,8,0.01386481802426343,Burundi
2003,BDI,432,18,0.041666666666666664,Burundi
2004,BDI,819,14,0.017094017094017096,Burundi
2005,BDI,1309,18,0.013750954927425516,Burundi
2006,BDI,886,7,0.007900677200902935,Burundi
2007,BDI,365,2,0.005479452054794521,Burundi
2008,BDI,234,4,0.017094017094017096,Burundi
2009,BDI,355,0,0,Burundi
2010,BDI,333,1,0.003003003003003003,Burundi
2011,BDI,1072,1,9.328358208955224e-4,Burundi
2012,BDI,214,1,0.004672897196261682,Burundi
2013,BDI,1557,17,0.010918432883750802,Burundi
2014,BDI,582,9,0.015463917525773196,Burundi
2015,BDI,442,0,0,Burundi
2016,BDI,434,5,0.01152073732718894,Burundi
2017,BDI,399,0,0,Burundi
2018,BDI,92,1,0.010869565217391304,Burundi
2019,BDI,1145,9,0.007860262008733625,Burundi
2020,BDI,277,5,0.018050541516245487,Burundi
2021,BDI,11,0,0,Burundi
2022,BDI,25,0,0,Burundi
2023,BDI,1394,9,0.006456241032998565,Burundi
1980,BEL,1,0,0,Belgium
1983,BEL,1,0,0,Belgium
1984,BEL,1,0,0,Belgium
1985,BEL,1,0,0,Belgium
1992,BEL,1,,,Belgium
1993,BEL,1,0,0,Belgium
1994,BEL,1,0,0,Belgium
2004,BEL,1,0,0,Belgium
2005,BEL,2,0,0,Belgium
2015,BEL,0,,,Belgium
2016,BEL,0,,,Belgium
2017,BEL,0,,,Belgium
2018,BEL,0,,,Belgium
2019,BEL,0,,,Belgium
2020,BEL,0,,,Belgium
2021,BEL,0,,,Belgium
1970,BEN,175,37,0.21142857142857144,Benin
1971,BEN,2133,274,0.12845757149554618,Benin
1972,BEN,250,29,0.116,Benin
1973,BEN,3,2,0.6666666666666666,Benin
1974,BEN,73,4,0.0547945205479452,Benin
1975,BEN,45,1,0.022222222222222223,Benin
1976,BEN,146,14,0.0958904109589041,Benin
1977,BEN,2,0,0,Benin
1978,BEN,27,0,0,Benin
1980,BEN,3,0,0,Benin
1981,BEN,2,0,0,Benin
1982,BEN,3,0,0,Benin
1983,BEN,1,0,0,Benin
1984,BEN,1,0,0,Benin
1986,BEN,243,13,0.053497942386831275,Benin
1991,BEN,7474,259,0.034653465346534656,Benin
1992,BEN,413,17,0.04116222760290557,Benin
1993,BEN,10,2,0.2,Benin
1994,BEN,187,20,0.10695187165775401,Benin
1995,BEN,203,12,0.059113300492610835,Benin
1996,BEN,6190,203,0.032794830371567045,Benin
1997,BEN,796,16,0.020100502512562814,Benin
1998,BEN,206,1,0.0048543689320388345,Benin
1999,BEN,855,25,0.029239766081871343,Benin
2000,BEN,468,11,0.023504273504273504,Benin
2001,BEN,3943,71,0.018006593963986812,Benin
2002,BEN,270,13,0.04814814814814815,Benin
2003,BEN,434,11,0.02534562211981567,Benin
2004,BEN,642,9,0.014018691588785047,Benin
2005,BEN,749,11,0.014686248331108143,Benin
2006,BEN,91,1,0.01098901098901099,Benin
2008,BEN,985,5,0.005076142131979695,Benin
2009,BEN,74,1,0.013513513513513514,Benin
2010,BEN,983,8,0.008138351983723296,Benin
2011,BEN,755,4,0.005298013245033113,Benin
2012,BEN,625,3,0.0048,Benin
2013,BEN,528,6,0.011363636363636364,Benin
2014,BEN,832,12,0.014423076923076924,Benin
2016,BEN,761,13,0.017082785808147174,Benin
2017,BEN,11,0,0,Benin
2018,BEN,0,0,,Benin
2019,BEN,50,0,0,Benin
2020,BEN,232,6,0.02586206896551724,Benin
2021,BEN,1298,23,0.017719568567026195,Benin
2022,BEN,433,2,0.004618937644341801,Benin
2023,BEN,28,0,0,Benin
1970,BFA,1,1,1,Burkina Faso
1971,BFA,1761,495,0.28109028960817717,Burkina Faso
1972,BFA,1,0,0,Burkina Faso
1973,BFA,1118,249,0.22271914132379247,Burkina Faso
1974,BFA,632,66,0.10443037974683544,Burkina Faso
1975,BFA,3,3,1,Burkina Faso
1978,BFA,1,0,0,Burkina Faso
1984,BFA,2191,117,0.053400273847558195,Burkina Faso
1985,BFA,1149,156,0.13577023498694518,Burkina Faso
1991,BFA,537,61,0.11359404096834265,Burkina Faso
1995,BFA,1451,113,0.07787732598208132,Burkina Faso
1996,BFA,425,58,0.13647058823529412,Burkina Faso
1998,BFA,1036,52,0.05019305019305019,Burkina Faso
1999,BFA,93,7,0.07526881720430108,Burkina Faso
2000,BFA,617,14,0.022690437601296597,Burkina Faso
2001,BFA,477,7,0.014675052410901468,Burkina Faso
2003,BFA,1,,,Burkina Faso
2005,BFA,1050,16,0.015238095238095238,Burkina Faso
2006,BFA,0,0,,Burkina Faso
2008,BFA,0,0,,Burkina Faso
2011,BFA,20,2,0.1,Burkina Faso
2012,BFA,143,7,0.04895104895104895,Burkina Faso
2018,BFA,0,0,,Burkina Faso
2019,BFA,0,0,,Burkina Faso
2021,BFA,3,0,0,Burkina Faso
2022,BFA,4,0,0,Burkina Faso
2023,BFA,0,0,,Burkina Faso
1950,BGD,29809,12947,0.43433191318058306,Bangladesh
1951,BGD,20894,12372,0.5921317124533358,Bangladesh
1952,BGD,21154,12884,0.6090573886735369,Bangladesh
1953,BGD,27631,16904,0.6117766277007709,Bangladesh
1954,BGD,15617,9443,0.604661586732407,Bangladesh
1955,BGD,16642,9802,0.5889917077274366,Bangladesh
1956,BGD,23699,15310,0.6460188193594666,Bangladesh
1957,BGD,8054,5134,0.6374472311894711,Bangladesh
1958,BGD,15631,10119,0.6473674109142089,Bangladesh
1959,BGD,16915,11056,0.6536210464085132,Bangladesh
1960,BGD,15618,6272,0.40158791138430017,Bangladesh
1961,BGD,2663,1703,0.639504318437852,Bangladesh
1962,BGD,2524,1304,0.5166402535657686,Bangladesh
1963,BGD,3975,1248,0.3139622641509434,Bangladesh
1964,BGD,3333,2419,0.7257725772577258,Bangladesh
1965,BGD,1123,683,0.6081923419412288,Bangladesh
1966,BGD,3154,1234,0.39124920735573876,Bangladesh
1967,BGD,664,369,0.5557228915662651,Bangladesh
1968,BGD,3156,614,0.19455006337135614,Bangladesh
1969,BGD,7411,1556,0.2099581702874106,Bangladesh
1970,BGD,7419,1889,0.2546165251381588,Bangladesh
1971,BGD,2342,386,0.16481639624252775,Bangladesh
1972,BGD,1059,201,0.18980169971671387,Bangladesh
1973,BGD,1969,369,0.18740477399695277,Bangladesh
1974,BGD,5614,173,0.03081581759885999,Bangladesh
1975,BGD,4888,117,0.023936170212765957,Bangladesh
1976,BGD,957,62,0.06478578892371996,Bangladesh
1977,BGD,10403,354,0.034028645583004904,Bangladesh
1978,BGD,5576,81,0.014526542324246772,Bangladesh
1979,BGD,2154,21,0.009749303621169917,Bangladesh
1987,BGD,523,23,0.04397705544933078,Bangladesh
1988,BGD,571,43,0.07530647985989491,Bangladesh
1989,BGD,94,2,0.02127659574468085,Bangladesh
1990,BGD,82,4,0.04878048780487805,Bangladesh
1991,BGD,8,0,0,Bangladesh
1992,BGD,479,29,0.060542797494780795,Bangladesh
1993,BGD,78,0,0,Bangladesh
1994,BGD,562,41,0.07295373665480427,Bangladesh
1995,BGD,2297,61,0.026556377884196777,Bangladesh
1996,BGD,418,0,0,Bangladesh
1997,BGD,1959,95,0.04849412965798877,Bangladesh
1998,BGD,1067,26,0.02436738519212746,Bangladesh
1999,BGD,3440,63,0.018313953488372094,Bangladesh
2000,BGD,1021,16,0.015670910871694418,Bangladesh
2015,BGD,0,,,Bangladesh
2016,BGD,0,,,Bangladesh
2017,BGD,0,,,Bangladesh
2018,BGD,566,0,0,Bangladesh
2019,BGD,503,,,Bangladesh
2020,BGD,212,,,Bangladesh
2021,BGD,477,,,Bangladesh
2022,BGD,1191,,,Bangladesh
2023,BGD,23369,,,Bangladesh
2015,BGR,0,,,Bulgaria
2016,BGR,0,,,Bulgaria
2017,BGR,0,,,Bulgaria
2018,BGR,0,,,Bulgaria
2019,BGR,0,,,Bulgaria
2020,BGR,0,,,Bulgaria
2021,BGR,0,,,Bulgaria
1965,BHR,1,0,0,Bahrain
1972,BHR,74,4,0.05405405405405406,Bahrain
1973,BHR,37,0,0,Bahrain
1978,BHR,906,2,0.002207505518763797,Bahrain
1979,BHR,39,0,0,Bahrain
2015,BHR,8,0,0,Bahrain
2016,BHR,0,,,Bahrain
2017,BHR,0,0,,Bahrain
2018,BHR,0,0,,Bahrain
2019,BHR,0,0,,Bahrain
2020,BHR,0,0,,Bahrain
2021,BHR,2,0,0,Bahrain
2022,BHR,1,0,0,Bahrain
2023,BHR,1,0,0,Bahrain
2011,BHS,1,,,Bahamas
2012,BHS,1,0,0,Bahamas
2015,BHS,0,,,Bahamas
2016,BHS,0,,,Bahamas
2017,BHS,0,,,Bahamas
2018,BHS,0,,,Bahamas
2019,BHS,0,,,Bahamas
2020,BHS,0,,,Bahamas
2021,BHS,0,,,Bahamas
2015,BIH,0,,,Bosnia & Herzegovina
2016,BIH,0,,,Bosnia & Herzegovina
2017,BIH,0,,,Bosnia & Herzegovina
2018,BIH,0,,,Bosnia & Herzegovina
2019,BIH,0,,,Bosnia & Herzegovina
2020,BIH,0,,,Bosnia & Herzegovina
2021,BIH,0,,,Bosnia & Herzegovina
1994,BLR,3,0,0,Belarus
1995,BLR,3,0,0,Belarus
2015,BLR,0,,,Belarus
2016,BLR,0,,,Belarus
2017,BLR,0,,,Belarus
2018,BLR,0,,,Belarus
2019,BLR,0,,,Belarus
2020,BLR,0,,,Belarus
2021,BLR,0,,,Belarus
1992,BLZ,159,4,0.025157232704402517,Belize
1993,BLZ,135,3,0.022222222222222223,Belize
1994,BLZ,6,1,0.16666666666666666,Belize
1995,BLZ,19,1,0.05263157894736842,Belize
1996,BLZ,26,0,0,Belize
1997,BLZ,2,0,0,Belize
1998,BLZ,28,1,0.03571428571428571,Belize
1999,BLZ,12,0,0,Belize
2015,BLZ,0,,,Belize
2016,BLZ,0,,,Belize
2017,BLZ,0,,,Belize
2018,BLZ,0,,,Belize
2019,BLZ,0,,,Belize
2020,BLZ,0,,,Belize
2021,BLZ,0,,,Belize
1991,BOL,206,12,0.05825242718446602,Bolivia
1992,BOL,22260,395,0.017744833782569632,Bolivia
1993,BOL,10134,254,0.025064140517071246,Bolivia
1994,BOL,2710,46,0.016974169741697416,Bolivia
1995,BOL,2293,54,0.023549934583515047,Bolivia
1996,BOL,2847,68,0.02388479100807868,Bolivia
1997,BOL,1632,18,0.011029411764705883,Bolivia
1998,BOL,466,7,0.015021459227467811,Bolivia
2015,BOL,0,,,Bolivia
2016,BOL,0,,,Bolivia
2017,BOL,0,,,Bolivia
2018,BOL,0,,,Bolivia
2019,BOL,0,,,Bolivia
2020,BOL,0,,,Bolivia
2021,BOL,0,,,Bolivia
1991,BRA,2103,33,0.015691868758915834,Brazil
1992,BRA,30317,363,0.011973480225615991,Brazil
1993,BRA,59212,644,0.01087617374856448,Brazil
1994,BRA,49455,452,0.009139621878475382,Brazil
1995,BRA,15915,85,0.0053408733898837575,Brazil
1996,BRA,5522,33,0.00597609561752988,Brazil
1997,BRA,2881,37,0.012842762929538355,Brazil
1998,BRA,2571,27,0.010501750291715286,Brazil
1999,BRA,4495,83,0.01846496106785317,Brazil
2000,BRA,715,17,0.023776223776223775,Brazil
2001,BRA,7,0,0,Brazil
2004,BRA,21,0,0,Brazil
2005,BRA,5,0,0,Brazil
2011,BRA,1,0,0,Brazil
2015,BRA,0,,,Brazil
2016,BRA,0,,,Brazil
2017,BRA,0,,,Brazil
2018,BRA,0,,,Brazil
2019,BRA,0,,,Brazil
2020,BRA,0,,,Brazil
2021,BRA,0,,,Brazil
1955,BRN,1,0,0,Brunei
1965,BRN,198,6,0.030303030303030304,Brunei
1970,BRN,24,0,0,Brunei
1982,BRN,6,0,0,Brunei
1999,BRN,93,0,0,Brunei
2011,BRN,3,0,0,Brunei
2015,BRN,0,,,Brunei
2016,BRN,0,,,Brunei
2017,BRN,0,0,,Brunei
2018,BRN,0,,,Brunei
2019,BRN,0,,,Brunei
2020,BRN,0,,,Brunei
2021,BRN,0,,,Brunei
2022,BRN,0,0,,Brunei
1991,BTN,422,19,0.045023696682464455,Bhutan
1992,BTN,494,6,0.012145748987854251,Bhutan
1995,BTN,25,0,0,Bhutan
1998,BTN,19,0,0,Bhutan
2018,BTN,0,0,,Bhutan
2019,BTN,0,0,,Bhutan
2020,BTN,0,0,,Bhutan
2021,BTN,0,0,,Bhutan
2022,BTN,0,0,,Bhutan
2005,BWA,0,0,,Botswana
2006,BWA,0,0,,Botswana
2008,BWA,8,1,0.125,Botswana
2009,BWA,15,2,0.13333333333333333,Botswana
2011,BWA,0,,,Botswana
2012,BWA,0,,,Botswana
2013,BWA,0,,,Botswana
2014,BWA,0,,,Botswana
2015,BWA,0,,,Botswana
2016,BWA,0,,,Botswana
2017,BWA,0,,,Botswana
2018,BWA,0,,,Botswana
2019,BWA,0,0,,Botswana
2020,BWA,0,0,,Botswana
2021,BWA,0,,,Botswana
2023,BWA,0,0,,Botswana
1997,CAF,443,75,0.16930022573363432,C Afr Rep
1998,CAF,22,3,0.13636363636363635,C Afr Rep
2004,CAF,320,48,0.15,C Afr Rep
2005,CAF,0,0,,C Afr Rep
2006,CAF,0,0,,C Afr Rep
2011,CAF,117,15,0.1282051282051282,C Afr Rep
2012,CAF,21,0,0,C Afr Rep
2017,CAF,0,0,,C Afr Rep
2018,CAF,0,0,,C Afr Rep
2021,CAF,0,0,,C Afr Rep
2022,CAF,0,0,,C Afr Rep
2023,CAF,0,0,,C Afr Rep
1974,CAN,1,,,Canada
1977,CAN,1,,,Canada
1980,CAN,3,,,Canada
1983,CAN,2,,,Canada
1986,CAN,1,,,Canada
1988,CAN,1,0,0,Canada
1989,CAN,1,0,0,Canada
1991,CAN,2,0,0,Canada
1992,CAN,5,0,0,Canada
1993,CAN,6,1,0.16666666666666666,Canada
1994,CAN,2,0,0,Canada
1995,CAN,7,0,0,Canada
1996,CAN,2,0,0,Canada
1998,CAN,2,0,0,Canada
2000,CAN,5,0,0,Canada
2001,CAN,6,,,Canada
2002,CAN,4,0,0,Canada
2003,CAN,5,,,Canada
2004,CAN,3,0,0,Canada
2005,CAN,7,0,0,Canada
2006,CAN,2,0,0,Canada
2007,CAN,1,0,0,Canada
2008,CAN,1,0,0,Canada
2009,CAN,2,0,0,Canada
2010,CAN,2,0,0,Canada
2011,CAN,9,,,Canada
2013,CAN,1,0,0,Canada
2014,CAN,2,0,0,Canada
2015,CAN,3,0,0,Canada
2016,CAN,1,0,0,Canada
2017,CAN,4,0,0,Canada
2018,CAN,0,,,Canada
2019,CAN,0,,,Canada
1977,CHE,1,0,0,Switzerland
1978,CHE,1,0,0,Switzerland
1981,CHE,2,,,Switzerland
1985,CHE,1,0,0,Switzerland
1988,CHE,1,0,0,Switzerland
1992,CHE,1,0,0,Switzerland
1993,CHE,2,0,0,Switzerland
1995,CHE,2,0,0,Switzerland
1998,CHE,2,0,0,Switzerland
2006,CHE,1,0,0,Switzerland
2015,CHE,2,0,0,Switzerland
2016,CHE,0,,,Switzerland
2017,CHE,0,,,Switzerland
2018,CHE,0,,,Switzerland
2019,CHE,0,,,Switzerland
2020,CHE,0,,,Switzerland
2021,CHE,0,,,Switzerland
1991,CHL,41,2,0.04878048780487805,Chile
1992,CHL,73,1,0.0136986301369863,Chile
1993,CHL,32,0,0,Chile
1994,CHL,1,0,0,Chile
1996,CHL,1,0,0,Chile
1997,CHL,4,0,0,Chile
1998,CHL,24,2,0.08333333333333333,Chile
2011,CHL,1,0,0,Chile
2013,CHL,2,0,0,Chile
2014,CHL,1,0,0,Chile
2015,CHL,0,,,Chile
2016,CHL,0,,,Chile
2017,CHL,0,,,Chile
2018,CHL,0,,,Chile
2019,CHL,0,,,Chile
2020,CHL,0,,,Chile
2021,CHL,0,,,Chile
1949,CHN,1,1,1,China
1962,CHN,384,24,0.0625,China
1963,CHN,1,0,0,China
1967,CHN,1,0,0,China
1979,CHN,85,2,0.023529411764705882,China
1980,CHN,88,0,0,China
1987,CHN,4,0,0,China
1988,CHN,7267,89,0.012247144626393284,China
1989,CHN,5628,59,0.010483297796730632,China
1990,CHN,644,5,0.007763975155279503,China
1991,CHN,205,0,0,China
1992,CHN,583,1,0.0017152658662092624,China
1993,CHN,11673,94,0.008052771352694253,China
1994,CHN,34877,319,0.009146428878630616,China
1995,CHN,10337,88,0.008513108251910612,China
1996,CHN,316,4,0.012658227848101266,China
1997,CHN,1177,29,0.02463891248937978,China
1998,CHN,4642,0,0,China
1999,CHN,4589,0,0,China
2000,CHN,1846,3,0.0016251354279523294,China
2001,CHN,140,0,0,China
2003,CHN,223,1,0.004484304932735426,China
2004,CHN,244,1,0.004098360655737705,China
2005,CHN,980,4,0.004081632653061225,China
2006,CHN,161,2,0.012422360248447204,China
2007,CHN,168,0,0,China
2008,CHN,174,0,0,China
2009,CHN,85,0,0,China
2010,CHN,157,0,0,China
2011,CHN,26,,,China
2012,CHN,77,0,0,China
2013,CHN,53,1,0.018867924528301886,China
2014,CHN,24,0,0,China
2015,CHN,13,0,0,China
2016,CHN,27,0,0,China
2017,CHN,14,0,0,China
2018,CHN,0,,,China
2019,CHN,16,0,0,China
2020,CHN,11,0,0,China
2021,CHN,,5,,China
2022,CHN,31,0,0,China
2023,CHN,29,0,0,China
1970,CIV,868,39,0.044930875576036866,Cote D'Ivoire
1971,CIV,668,9,0.01347305389221557,Cote D'Ivoire
1979,CIV,3,0,0,Cote D'Ivoire
1982,CIV,34,0,0,Cote D'Ivoire
1991,CIV,604,116,0.19205298013245034,Cote D'Ivoire
1992,CIV,37,7,0.1891891891891892,Cote D'Ivoire
1993,CIV,724,42,0.058011049723756904,Cote D'Ivoire
1994,CIV,1108,55,0.04963898916967509,Cote D'Ivoire
1995,CIV,4993,184,0.036851592229120766,Cote D'Ivoire
1996,CIV,1345,22,0.016356877323420074,Cote D'Ivoire
2001,CIV,5912,305,0.05158998646820027,Cote D'Ivoire
2002,CIV,4188,143,0.03414517669531996,Cote D'Ivoire
2003,CIV,1034,50,0.048355899419729204,Cote D'Ivoire
2004,CIV,105,9,0.08571428571428572,Cote D'Ivoire
2005,CIV,39,6,0.15384615384615385,Cote D'Ivoire
2006,CIV,414,15,0.036231884057971016,Cote D'Ivoire
2007,CIV,8,1,0.125,Cote D'Ivoire
2008,CIV,7,1,0.14285714285714285,Cote D'Ivoire
2009,CIV,5,2,0.4,Cote D'Ivoire
2010,CIV,32,0,0,Cote D'Ivoire
2011,CIV,1261,24,0.0190325138778747,Cote D'Ivoire
2012,CIV,424,19,0.04481132075471698,Cote D'Ivoire
2013,CIV,56,2,0.03571428571428571,Cote D'Ivoire
2014,CIV,235,12,0.05106382978723404,Cote D'Ivoire
2015,CIV,199,6,0.03015075376884422,Cote D'Ivoire
2021,CIV,12,0,0,Cote D'Ivoire
2023,CIV,0,0,,Cote D'Ivoire
1971,CMR,2167,336,0.15505306875865252,Cameroon
1972,CMR,362,27,0.07458563535911603,Cameroon
1973,CMR,206,16,0.07766990291262135,Cameroon
1974,CMR,83,16,0.1927710843373494,Cameroon
1975,CMR,3,0,0,Cameroon
1976,CMR,135,27,0.2,Cameroon
1978,CMR,3,0,0,Cameroon
1979,CMR,16,4,0.25,Cameroon
1980,CMR,229,23,0.10043668122270742,Cameroon
1981,CMR,243,17,0.06995884773662552,Cameroon
1982,CMR,5,3,0.6,Cameroon
1983,CMR,55,18,0.32727272727272727,Cameroon
1984,CMR,392,60,0.15306122448979592,Cameroon
1985,CMR,1158,103,0.08894645941278066,Cameroon
1986,CMR,165,12,0.07272727272727272,Cameroon
1987,CMR,94,6,0.06382978723404255,Cameroon
1988,CMR,4,0,0,Cameroon
1989,CMR,4,2,0.5,Cameroon
1990,CMR,16,0,0,Cameroon
1991,CMR,4026,491,0.12195727769498262,Cameroon
1992,CMR,1268,66,0.052050473186119876,Cameroon
1993,CMR,648,19,0.029320987654320986,Cameroon
1994,CMR,527,61,0.1157495256166983,Cameroon
1995,CMR,615,21,0.03414634146341464,Cameroon
1996,CMR,5796,485,0.08367839889579021,Cameroon
1997,CMR,1709,180,0.1053247513165594,Cameroon
1998,CMR,4603,316,0.06865087986096025,Cameroon
1999,CMR,1584,35,0.022095959595959596,Cameroon
2000,CMR,123,29,0.23577235772357724,Cameroon
2001,CMR,259,7,0.02702702702702703,Cameroon
2002,CMR,66,8,0.12121212121212122,Cameroon
2003,CMR,207,36,0.17391304347826086,Cameroon
2004,CMR,8005,137,0.017114303560274827,Cameroon
2005,CMR,2847,110,0.03863716192483316,Cameroon
2006,CMR,922,35,0.03796095444685466,Cameroon
2007,CMR,10,1,0.1,Cameroon
2008,CMR,0,0,,Cameroon
2009,CMR,804,89,0.11069651741293532,Cameroon
2010,CMR,10759,657,0.06106515475415931,Cameroon
2011,CMR,22433,783,0.03490393616547051,Cameroon
2012,CMR,363,5,0.013774104683195593,Cameroon
2013,CMR,29,0,0,Cameroon
2014,CMR,3355,184,0.054843517138599106,Cameroon
2015,CMR,124,6,0.04838709677419355,Cameroon
2017,CMR,22,0,0,Cameroon
2018,CMR,1052,58,0.055133079847908745,Cameroon
2019,CMR,1840,93,0.050543478260869565,Cameroon
2020,CMR,1890,73,0.038624338624338624,Cameroon
2021,CMR,728,23,0.03159340659340659,Cameroon
2022,CMR,14431,279,0.01933337953017809,Cameroon
2023,CMR,6470,209,0.03230293663060278,Cameroon
1978,COD,3481,183,0.052571100258546395,DR Congo
1979,COD,5515,511,0.09265639165911152,DR Congo
1980,COD,1051,81,0.07706945765937202,DR Congo
1981,COD,2379,800,0.3362757461118117,DR Congo
1982,COD,10328,693,0.06709914794732766,DR Congo
1983,COD,2977,245,0.08229761504870675,DR Congo
1984,COD,162,3,0.018518518518518517,DR Congo
1985,COD,740,30,0.04054054054054054,DR Congo
1986,COD,1059,125,0.11803588290840415,DR Congo
1987,COD,1150,218,0.18956521739130436,DR Congo
1988,COD,295,32,0.10847457627118644,DR Congo
1989,COD,99,6,0.06060606060606061,DR Congo
1990,COD,468,61,0.13034188034188035,DR Congo
1991,COD,4066,294,0.07230693556320708,DR Congo
1992,COD,1949,59,0.030271934325295024,DR Congo
1993,COD,986,175,0.17748478701825557,DR Congo
1994,COD,58057,4181,0.07201543310884131,DR Congo
1995,COD,553,22,0.039783001808318265,DR Congo
1996,COD,7886,638,0.08090286583819427,DR Congo
1997,COD,2421,326,0.13465510119785212,DR Congo
1998,COD,34899,2926,0.08384194389524055,DR Congo
1999,COD,12711,783,0.061600188812839275,DR Congo
2000,COD,14995,941,0.06275425141713904,DR Congo
2001,COD,5728,390,0.06808659217877094,DR Congo
2002,COD,31658,1979,0.06251184534714764,DR Congo
2003,COD,27272,989,0.036264300381343505,DR Congo
2004,COD,7665,228,0.02974559686888454,DR Congo
2005,COD,13430,244,0.018168279970215934,DR Congo
2006,COD,20642,426,0.020637535122565644,DR Congo
2007,COD,28269,600,0.021224663058473946,DR Congo
2008,COD,30150,548,0.018175787728026534,DR Congo
2009,COD,22899,237,0.010349796934363945,DR Congo
2010,COD,13884,182,0.013108614232209739,DR Congo
2011,COD,21700,584,0.026912442396313366,DR Congo
2012,COD,33661,819,0.024330827961141974,DR Congo
2013,COD,26944,491,0.018222980997624705,DR Congo
2014,COD,22203,372,0.016754492636130252,DR Congo
2015,COD,19182,276,0.014388489208633094,DR Congo
2016,COD,28093,759,0.027017406471362974,DR Congo
2017,COD,56190,1190,0.021178145577504894,DR Congo
2018,COD,30768,972,0.03159126365054602,DR Congo
2019,COD,30304,514,0.016961457233368532,DR Congo
2020,COD,19789,354,0.017888726059932285,DR Congo
2021,COD,12103,209,0.01726844583987441,DR Congo
2022,COD,18961,298,0.015716470650282158,DR Congo
2023,COD,52654,473,0.008983173168230335,DR Congo
1978,COG,51,14,0.27450980392156865,Rep of Congo
1979,COG,5,0,0,Rep of Congo
1997,COG,275,60,0.21818181818181817,Rep of Congo
1998,COG,3222,22,0.006828057107386716,Rep of Congo
1999,COG,4813,20,0.00415541242468315,Rep of Congo
2000,COG,9,2,0.2222222222222222,Rep of Congo
2005,COG,0,0,,Rep of Congo
2006,COG,175,10,0.05714285714285714,Rep of Congo
2007,COG,7785,133,0.01708413615928067,Rep of Congo
2008,COG,156,4,0.02564102564102564,Rep of Congo
2009,COG,93,0,0,Rep of Congo
2011,COG,762,,,Rep of Congo
2012,COG,1181,37,0.03132938187976291,Rep of Congo
2013,COG,1624,221,0.13608374384236452,Rep of Congo
2016,COG,15,2,0.13333333333333333,Rep of Congo
2018,COG,60,3,0.05,Rep of Congo
2021,COG,0,0,,Rep of Congo
2022,COG,0,0,,Rep of Congo
2023,COG,21,5,0.23809523809523808,Rep of Congo
2015,COK,0,,,Cook Islands
2016,COK,0,,,Cook Islands
2017,COK,0,,,Cook Islands
2018,COK,0,0,,Cook Islands
2019,COK,0,,,Cook Islands
2020,COK,0,0,,Cook Islands
2021,COK,0,0,,Cook Islands
2023,COK,0,0,,Cook Islands
1991,COL,11979,207,0.01728024042073629,Colombia
1992,COL,15129,158,0.010443519069337034,Colombia
1993,COL,230,0,0,Colombia
1994,COL,996,14,0.014056224899598393,Colombia
1995,COL,1922,35,0.018210197710718003,Colombia
1996,COL,4428,70,0.015808491418247517,Colombia
1997,COL,1508,32,0.021220159151193633,Colombia
1998,COL,442,7,0.01583710407239819,Colombia
1999,COL,42,0,0,Colombia
2004,COL,2,0,0,Colombia
2015,COL,0,,,Colombia
2016,COL,0,,,Colombia
2017,COL,0,,,Colombia
2018,COL,0,,,Colombia
2019,COL,0,,,Colombia
2020,COL,0,,,Colombia
2021,COL,0,,,Colombia
1975,COM,2675,238,0.08897196261682243,Comoros
1976,COM,5,1,0.2,Comoros
1998,COM,7300,68,0.009315068493150684,Comoros
1999,COM,1180,42,0.03559322033898305,Comoros
2000,COM,3297,91,0.027600849256900213,Comoros
2001,COM,226,4,0.017699115044247787,Comoros
2002,COM,1567,46,0.029355456285896617,Comoros
2003,COM,56,0,0,Comoros
2004,COM,1,0,0,Comoros
2005,COM,0,0,,Comoros
2006,COM,0,0,,Comoros
2007,COM,1555,29,0.01864951768488746,Comoros
2008,COM,4,0,0,Comoros
2015,COM,0,,,Comoros
2016,COM,0,,,Comoros
2017,COM,0,,,Comoros
2018,COM,0,,,Comoros
2019,COM,0,0,,Comoros
2020,COM,0,,,Comoros
2021,COM,0,0,,Comoros
2023,COM,0,0,,Comoros
1974,CPV,303,8,0.026402640264026403,Cape Verde
1975,CPV,20,3,0.15,Cape Verde
1976,CPV,219,17,0.0776255707762557,Cape Verde
1994,CPV,128,12,0.09375,Cape Verde
1995,CPV,12913,240,0.018585921164717727,Cape Verde
1996,CPV,428,3,0.007009345794392523,Cape Verde
1998,CPV,133,1,0.007518796992481203,Cape Verde
2005,CPV,0,0,,Cape Verde
2006,CPV,0,0,,Cape Verde
2015,CPV,0,,,Cape Verde
2016,CPV,0,,,Cape Verde
2017,CPV,0,,,Cape Verde
2018,CPV,0,0,,Cape Verde
2019,CPV,0,,,Cape Verde
2020,CPV,0,,,Cape Verde
2021,CPV,0,,,Cape Verde
2023,CPV,0,0,,Cape Verde
1992,CRI,12,0,0,Costa Rica
1993,CRI,14,0,0,Costa Rica
1994,CRI,38,0,0,Costa Rica
1995,CRI,24,0,0,Costa Rica
1996,CRI,19,1,0.05263157894736842,Costa Rica
1997,CRI,1,0,0,Costa Rica
2015,CRI,0,,,Costa Rica
2016,CRI,0,,,Costa Rica
2017,CRI,0,,,Costa Rica
2018,CRI,0,,,Costa Rica
2019,CRI,0,,,Costa Rica
2020,CRI,0,,,Costa Rica
2021,CRI,0,,,Costa Rica
2012,CUB,417,3,0.007194244604316547,Cuba
2013,CUB,181,0,0,Cuba
2014,CUB,76,0,0,Cuba
2015,CUB,65,0,0,Cuba
2016,CUB,0,,,Cuba
2017,CUB,0,,,Cuba
2018,CUB,0,,,Cuba
2019,CUB,0,,,Cuba
2020,CUB,0,,,Cuba
2021,CUB,0,,,Cuba
2016,CYP,0,,,Cyprus
2017,CYP,0,,,Cyprus
2018,CYP,0,,,Cyprus
2019,CYP,0,,,Cyprus
2020,CYP,0,,,Cyprus
2021,CYP,0,,,Cyprus
1970,CZE,4,1,0.25,Czechia
2002,CZE,2,,,Czechia
2015,CZE,0,,,Czechia
2016,CZE,0,,,Czechia
2017,CZE,0,,,Czechia
2018,CZE,0,,,Czechia
2019,CZE,0,,,Czechia
2020,CZE,0,,,Czechia
2021,CZE,0,,,Czechia
1971,DEU,1,0,0,Germany
1972,DEU,2,0,0,Germany
1973,DEU,6,0,0,Germany
1974,DEU,3,0,0,Germany
1975,DEU,1,,,Germany
1976,DEU,2,0,0,Germany
1977,DEU,1,0,0,Germany
1980,DEU,4,0,0,Germany
1981,DEU,4,0,0,Germany
1982,DEU,1,0,0,Germany
1986,DEU,2,0,0,Germany
1988,DEU,2,0,0,Germany
1989,DEU,1,0,0,Germany
1990,DEU,1,0,0,Germany
1992,DEU,1,0,0,Germany
1993,DEU,1,0,0,Germany
1994,DEU,5,0,0,Germany
1995,DEU,1,0,0,Germany
1997,DEU,2,0,0,Germany
1998,DEU,5,0,0,Germany
1999,DEU,3,0,0,Germany
2000,DEU,2,,,Germany
2001,DEU,1,,,Germany
2002,DEU,1,,,Germany
2003,DEU,1,0,0,Germany
2004,DEU,3,0,0,Germany
2006,DEU,1,0,0,Germany
2007,DEU,2,0,0,Germany
2010,DEU,4,1,0.25,Germany
2011,DEU,4,0,0,Germany
2014,DEU,1,0,0,Germany
2015,DEU,0,,,Germany
2016,DEU,1,,,Germany
2017,DEU,0,,,Germany
2018,DEU,0,,,Germany
2019,DEU,0,,,Germany
2020,DEU,0,,,Germany
2021,DEU,0,,,Germany
2022,DEU,6,0,0,Germany
2023,DEU,9,0,0,Germany
1970,DJI,6,3,0.5,Djibouti
1971,DJI,440,81,0.18409090909090908,Djibouti
1972,DJI,8,3,0.375,Djibouti
1976,DJI,2,0,0,Djibouti
1977,DJI,2,0,0,Djibouti
1978,DJI,3,2,0.6666666666666666,Djibouti
1985,DJI,115,7,0.06086956521739131,Djibouti
1993,DJI,10055,99,0.009845847836897067,Djibouti
1994,DJI,1122,15,0.013368983957219251,Djibouti
1997,DJI,2424,50,0.020627062706270627,Djibouti
1998,DJI,164,3,0.018292682926829267,Djibouti
2000,DJI,1828,32,0.0175054704595186,Djibouti
2007,DJI,1087,27,0.02483900643974241,Djibouti
2010,DJI,2047,19,0.009281875915974597,Djibouti
2011,DJI,127,1,0.007874015748031496,Djibouti
2019,DJI,0,0,,Djibouti
2020,DJI,0,0,,Djibouti
2021,DJI,0,0,,Djibouti
2022,DJI,0,0,,Djibouti
2023,DJI,0,0,,Djibouti
1990,DNK,1,0,0,Denmark
1993,DNK,2,0,0,Denmark
1994,DNK,2,0,0,Denmark
1995,DNK,3,0,0,Denmark
2004,DNK,1,0,0,Denmark
2008,DNK,1,0,0,Denmark
2015,DNK,0,,,Denmark
2016,DNK,1,0,0,Denmark
2017,DNK,0,,,Denmark
2018,DNK,0,,,Denmark
2019,DNK,0,,,Denmark
2020,DNK,0,,,Denmark
2021,DNK,0,,,Denmark
2010,DOM,191,0,0,Dominican Republic
2011,DOM,20851,336,0.016114335043882787,Dominican Republic
2012,DOM,7919,68,0.008586942795807552,Dominican Republic
2013,DOM,1954,42,0.021494370522006142,Dominican Republic
2014,DOM,603,11,0.01824212271973466,Dominican Republic
2015,DOM,546,15,0.027472527472527472,Dominican Republic
2016,DOM,1159,27,0.023295944779982744,Dominican Republic
2017,DOM,122,4,0.03278688524590164,Dominican Republic
2018,DOM,118,1,0.00847457627118644,Dominican Republic
2019,DOM,13,0,0,Dominican Republic
2020,DOM,0,,,Dominican Republic
2021,DOM,0,,,Dominican Republic
2023,DOM,310,1,0.0032258064516129032,Dominican Republic
1971,DZA,1332,110,0.08258258258258258,Algeria
1972,DZA,646,71,0.10990712074303406,Algeria
1973,DZA,605,74,0.12231404958677686,Algeria
1974,DZA,738,50,0.06775067750677506,Algeria
1975,DZA,1165,118,0.10128755364806867,Algeria
1976,DZA,286,30,0.1048951048951049,Algeria
1977,DZA,262,9,0.03435114503816794,Algeria
1978,DZA,220,13,0.05909090909090909,Algeria
1979,DZA,2513,94,0.03740549144448866,Algeria
1980,DZA,614,18,0.029315960912052116,Algeria
1983,DZA,218,9,0.04128440366972477,Algeria
1984,DZA,45,0,0,Algeria
1987,DZA,1507,0,0,Algeria
1988,DZA,699,30,0.04291845493562232,Algeria
1989,DZA,393,0,0,Algeria
1990,DZA,1299,20,0.015396458814472672,Algeria
1992,DZA,69,0,0,Algeria
1994,DZA,118,4,0.03389830508474576,Algeria
2005,DZA,0,0,,Algeria
2006,DZA,0,0,,Algeria
2015,DZA,0,,,Algeria
2016,DZA,0,,,Algeria
2017,DZA,0,,,Algeria
2018,DZA,0,,,Algeria
2019,DZA,0,0,,Algeria
2020,DZA,0,,,Algeria
2021,DZA,0,,,Algeria
2023,DZA,0,0,,Algeria
1991,ECU,46320,697,0.015047495682210707,Ecuador
1992,ECU,31870,208,0.006526513962974584,Ecuador
1993,ECU,6833,72,0.01053709937070101,Ecuador
1994,ECU,1785,16,0.008963585434173669,Ecuador
1995,ECU,2160,23,0.010648148148148148,Ecuador
1996,ECU,1059,12,0.0113314447592068,Ecuador
1997,ECU,65,3,0.046153846153846156,Ecuador
1998,ECU,3724,37,0.009935553168635876,Ecuador
1999,ECU,90,0,0,Ecuador
2000,ECU,27,1,0.037037037037037035,Ecuador
2001,ECU,9,0,0,Ecuador
2003,ECU,25,,,Ecuador
2004,ECU,5,0,0,Ecuador
2015,ECU,0,,,Ecuador
2016,ECU,0,,,Ecuador
2017,ECU,0,,,Ecuador
2018,ECU,0,,,Ecuador
2019,ECU,0,,,Ecuador
2020,ECU,0,,,Ecuador
2021,ECU,0,,,Ecuador
2017,EGY,0,0,,Egypt
2021,EGY,0,0,,Egypt
2022,EGY,0,0,,Egypt
2005,ERI,0,0,,Eritrea
2006,ERI,0,0,,Eritrea
2007,ERI,119,9,0.07563025210084033,Eritrea
2008,ERI,1,0,0,Eritrea
2011,ERI,0,,,Eritrea
2012,ERI,0,,,Eritrea
2013,ERI,0,,,Eritrea
2014,ERI,0,,,Eritrea
2015,ERI,0,,,Eritrea
2016,ERI,0,,,Eritrea
2017,ERI,0,,,Eritrea
2018,ERI,0,,,Eritrea
2019,ERI,0,,,Eritrea
2020,ERI,0,0,,Eritrea
2021,ERI,0,,,Eritrea
2023,ERI,0,0,,Eritrea
1971,ESP,22,,,Spain
1974,ESP,5,,,Spain
1975,ESP,11,0,0,Spain
1976,ESP,2,0,0,Spain
1979,ESP,267,,,Spain
1980,ESP,4,0,0,Spain
1982,ESP,2,0,0,Spain
1983,ESP,2,0,0,Spain
1984,ESP,4,,,Spain
1987,ESP,2,0,0,Spain
1989,ESP,3,0,0,Spain
1990,ESP,11,0,0,Spain
1991,ESP,1,0,0,Spain
1993,ESP,3,0,0,Spain
1994,ESP,1,0,0,Spain
1995,ESP,6,0,0,Spain
1996,ESP,1,0,0,Spain
2001,ESP,1,,,Spain
2002,ESP,1,,,Spain
2006,ESP,2,0,0,Spain
2007,ESP,2,0,0,Spain
2008,ESP,5,0,0,Spain
2015,ESP,2,0,0,Spain
2016,ESP,0,,,Spain
2017,ESP,0,,,Spain
2018,ESP,0,,,Spain
2019,ESP,0,,,Spain
2020,ESP,0,,,Spain
2021,ESP,0,,,Spain
1993,EST,2,0,0,Estonia
2015,EST,0,,,Estonia
2016,EST,0,,,Estonia
2017,EST,0,,,Estonia
2018,EST,0,,,Estonia
2019,EST,0,,,Estonia
2020,EST,0,,,Estonia
2021,EST,0,,,Estonia
1970,ETH,850,72,0.08470588235294117,Ethiopia
1971,ETH,2187,124,0.0566986739826246,Ethiopia
1982,ETH,0,0,,Ethiopia
2004,ETH,16,0,0,Ethiopia
2005,ETH,0,0,,Ethiopia
2006,ETH,54070,575,0.010634362862955429,Ethiopia
2007,ETH,24121,272,0.011276481074582314,Ethiopia
2008,ETH,3862,23,0.005955463490419472,Ethiopia
2009,ETH,31509,434,0.013773842394236567,Ethiopia
2010,ETH,1682,21,0.01248513674197384,Ethiopia
2011,ETH,0,,,Ethiopia
2012,ETH,0,,,Ethiopia
2013,ETH,0,,,Ethiopia
2014,ETH,0,,,Ethiopia
2019,ETH,2615,36,0.013766730401529637,Ethiopia
2020,ETH,12226,176,0.014395550466219532,Ethiopia
2021,ETH,674,7,0.010385756676557863,Ethiopia
2022,ETH,846,27,0.031914893617021274,Ethiopia
2023,ETH,30389,446,0.014676363157721544,Ethiopia
1981,FIN,1,,,Finland
1994,FIN,2,,,Finland
1995,FIN,1,0,0,Finland
1998,FIN,1,0,0,Finland
2005,FIN,1,0,0,Finland
2008,FIN,1,0,0,Finland
2015,FIN,0,,,Finland
2016,FIN,0,,,Finland
2017,FIN,0,,,Finland
2018,FIN,0,,,Finland
2019,FIN,0,,,Finland
2020,FIN,0,,,Finland
2021,FIN,0,,,Finland
2015,FJI,0,,,Fiji
2016,FJI,0,,,Fiji
2017,FJI,0,0,,Fiji
2018,FJI,0,0,,Fiji
2019,FJI,0,,,Fiji
2020,FJI,0,0,,Fiji
2021,FJI,0,0,,Fiji
2023,FJI,0,0,,Fiji
1970,FRA,1,0,0,France
1971,FRA,3,0,0,France
1973,FRA,4,0,0,France
1974,FRA,5,0,0,France
1975,FRA,9,0,0,France
1976,FRA,5,0,0,France
1979,FRA,8,0,0,France
1980,FRA,1,0,0,France
1981,FRA,20,,,France
1982,FRA,18,0,0,France
1983,FRA,3,0,0,France
1984,FRA,1,0,0,France
1986,FRA,37,0,0,France
1987,FRA,7,0,0,France
1989,FRA,1,,,France
1990,FRA,6,1,0.16666666666666666,France
1991,FRA,7,0,0,France
1993,FRA,5,0,0,France
1994,FRA,4,0,0,France
1995,FRA,6,0,0,France
1996,FRA,8,0,0,France
1997,FRA,3,0,0,France
1998,FRA,2,0,0,France
2000,FRA,5,0,0,France
2001,FRA,2,,,France
2002,FRA,1,,,France
2006,FRA,2,0,0,France
2007,FRA,4,0,0,France
2008,FRA,2,0,0,France
2009,FRA,1,0,0,France
2011,FRA,1,0,0,France
2014,FRA,1,0,0,France
2015,FRA,1,0,0,France
2016,FRA,0,,,France
2017,FRA,0,,,France
2018,FRA,0,,,France
2019,FRA,0,,,France
2020,FRA,0,,,France
2021,FRA,0,,,France
2022,FRA,7,0,0,France
2023,FRA,2,0,0,France
1990,FSM,34,1,0.029411764705882353,Micronesia (Federated States of)
1996,FSM,1,0,0,Micronesia (Federated States of)
2000,FSM,3452,20,0.005793742757821553,Micronesia (Federated States of)
2001,FSM,14,0,0,Micronesia (Federated States of)
2005,FSM,0,0,,Micronesia (Federated States of)
2015,FSM,0,,,Micronesia (Federated States of)
2016,FSM,0,,,Micronesia (Federated States of)
2017,FSM,0,0,,Micronesia (Federated States of)
2018,FSM,0,0,,Micronesia (Federated States of)
2019,FSM,0,,,Micronesia (Federated States of)
2020,FSM,0,,,Micronesia (Federated States of)
2021,FSM,0,0,,Micronesia (Federated States of)
2023,FSM,0,0,,Micronesia (Federated States of)
1979,GAB,5,2,0.4,Gabon
1981,GAB,7,0,0,Gabon
2002,GAB,6,,,Gabon
2003,GAB,629,0,0,Gabon
2005,GAB,0,0,,Gabon
2006,GAB,0,0,,Gabon
2008,GAB,2,0,0,Gabon
2011,GAB,0,,,Gabon
2012,GAB,0,,,Gabon
2013,GAB,0,,,Gabon
2014,GAB,0,,,Gabon
2015,GAB,0,,,Gabon
2016,GAB,0,,,Gabon
2017,GAB,0,,,Gabon
2018,GAB,0,,,Gabon
2019,GAB,0,,,Gabon
2020,GAB,0,,,Gabon
2021,GAB,0,0,,Gabon
1970,GBR,1,0,0,United Kingdom
1971,GBR,3,0,0,United Kingdom
1972,GBR,2,0,0,United Kingdom
1973,GBR,5,0,0,United Kingdom
1974,GBR,3,0,0,United Kingdom
1975,GBR,1,0,0,United Kingdom
1976,GBR,1,0,0,United Kingdom
1977,GBR,2,0,0,United Kingdom
1980,GBR,6,,,United Kingdom
1981,GBR,12,0,0,United Kingdom
1982,GBR,1,0,0,United Kingdom
1983,GBR,4,0,0,United Kingdom
1984,GBR,5,0,0,United Kingdom
1985,GBR,4,1,0.25,United Kingdom
1986,GBR,11,0,0,United Kingdom
1987,GBR,2,0,0,United Kingdom
1988,GBR,10,0,0,United Kingdom
1989,GBR,1,0,0,United Kingdom
1990,GBR,6,0,0,United Kingdom
1991,GBR,8,0,0,United Kingdom
1992,GBR,5,0,0,United Kingdom
1993,GBR,13,0,0,United Kingdom
1994,GBR,18,0,0,United Kingdom
1995,GBR,10,0,0,United Kingdom
1996,GBR,13,0,0,United Kingdom
1997,GBR,6,0,0,United Kingdom
1998,GBR,18,0,0,United Kingdom
2000,GBR,33,,,United Kingdom
2003,GBR,9,0,0,United Kingdom
2004,GBR,13,0,0,United Kingdom
2006,GBR,49,0,0,United Kingdom
2007,GBR,32,0,0,United Kingdom
2008,GBR,8,0,0,United Kingdom
2009,GBR,16,0,0,United Kingdom
2010,GBR,8,0,0,United Kingdom
2011,GBR,32,0,0,United Kingdom
2012,GBR,17,0,0,United Kingdom
2013,GBR,6,0,0,United Kingdom
2014,GBR,14,0,0,United Kingdom
2015,GBR,15,0,0,United Kingdom
2016,GBR,19,0,0,United Kingdom
2017,GBR,0,,,United Kingdom
2018,GBR,0,,,United Kingdom
2019,GBR,0,,,United Kingdom
2020,GBR,0,,,United Kingdom
2021,GBR,0,,,United Kingdom
2022,GBR,23,0,0,United Kingdom
1993,GEO,8,0,0,Georgia
2015,GEO,0,,,Georgia
2016,GEO,0,,,Georgia
2017,GEO,0,,,Georgia
2018,GEO,0,,,Georgia
2019,GEO,0,,,Georgia
2020,GEO,0,,,Georgia
2021,GEO,0,,,Georgia
1970,GHA,2733,180,0.06586169045005488,Ghana
1971,GHA,13048,641,0.04912630288166769,Ghana
1972,GHA,625,32,0.0512,Ghana
1973,GHA,677,39,0.05760709010339734,Ghana
1974,GHA,483,37,0.07660455486542443,Ghana
1975,GHA,187,10,0.053475935828877004,Ghana
1976,GHA,102,0,0,Ghana
1977,GHA,6565,353,0.05376999238385377,Ghana
1978,GHA,1853,120,0.06475984889368591,Ghana
1979,GHA,1783,113,0.0633763320246775,Ghana
1980,GHA,260,21,0.08076923076923077,Ghana
1981,GHA,943,62,0.06574761399787911,Ghana
1982,GHA,11051,1225,0.11084969686001267,Ghana
1983,GHA,14160,819,0.057838983050847455,Ghana
1984,GHA,1015,92,0.09064039408866995,Ghana
1985,GHA,60,0,0,Ghana
1990,GHA,2937,60,0.020429009193054137,Ghana
1991,GHA,13172,409,0.0310507136349833,Ghana
1992,GHA,228,23,0.10087719298245613,Ghana
1993,GHA,1448,38,0.026243093922651933,Ghana
1994,GHA,2267,54,0.023820026466696075,Ghana
1995,GHA,4698,93,0.01979565772669221,Ghana
1996,GHA,1665,70,0.042042042042042045,Ghana
1997,GHA,379,12,0.0316622691292876,Ghana
1998,GHA,3426,108,0.03152364273204904,Ghana
1999,GHA,9432,260,0.0275657336726039,Ghana
2000,GHA,3331,74,0.022215550885619936,Ghana
2001,GHA,5487,160,0.029159832330964097,Ghana
2002,GHA,3614,65,0.017985611510791366,Ghana
2003,GHA,204,4,0.0196078431372549,Ghana
2004,GHA,407,6,0.014742014742014743,Ghana
2005,GHA,3166,51,0.016108654453569172,Ghana
2006,GHA,3357,107,0.03187369675305332,Ghana
2007,GHA,179,18,0.1005586592178771,Ghana
2008,GHA,1223,25,0.02044153720359771,Ghana
2009,GHA,1294,9,0.006955177743431221,Ghana
2010,GHA,438,3,0.00684931506849315,Ghana
2011,GHA,10628,105,0.009879563417388031,Ghana
2012,GHA,9548,100,0.010473397570171765,Ghana
2013,GHA,50,0,0,Ghana
2014,GHA,28944,243,0.008395522388059701,Ghana
2015,GHA,692,8,0.011560693641618497,Ghana
2016,GHA,175,0,0,Ghana
2017,GHA,0,0,,Ghana
2019,GHA,1,0,0,Ghana
2021,GHA,2,0,0,Ghana
2022,GHA,0,0,,Ghana
2023,GHA,0,0,,Ghana
1970,GIN,2000,60,0.03,Guinea
1986,GIN,286,58,0.20279720279720279,Guinea
1994,GIN,31415,671,0.021359223300970873,Guinea
1995,GIN,6506,565,0.08684291423301568,Guinea
1996,GIN,287,17,0.059233449477351915,Guinea
1998,GIN,881,53,0.060158910329171394,Guinea
1999,GIN,599,28,0.04674457429048414,Guinea
2000,GIN,519,32,0.06165703275529865,Guinea
2001,GIN,392,22,0.05612244897959184,Guinea
2002,GIN,61,11,0.18032786885245902,Guinea
2003,GIN,6,1,0.16666666666666666,Guinea
2004,GIN,1516,117,0.07717678100263853,Guinea
2005,GIN,3821,107,0.028003140539125882,Guinea
2006,GIN,3242,219,0.067550894509562,Guinea
2007,GIN,8546,311,0.03639129417271238,Guinea
2008,GIN,513,32,0.06237816764132553,Guinea
2009,GIN,42,0,0,Guinea
2011,GIN,3,0,0,Guinea
2012,GIN,7350,133,0.018095238095238095,Guinea
2013,GIN,319,32,0.10031347962382445,Guinea
2014,GIN,1,0,0,Guinea
2019,GIN,0,0,,Guinea
2021,GIN,0,,,Guinea
2022,GIN,0,0,,Guinea
2023,GIN,0,0,,Guinea
1985,GMB,2,0,0,Gambia
1994,GMB,1,0,0,Gambia
1995,GMB,15,0,0,Gambia
1996,GMB,7,0,0,Gambia
2005,GMB,214,13,0.06074766355140187,Gambia
2006,GMB,0,0,,Gambia
2007,GMB,12,1,0.08333333333333333,Gambia
2008,GMB,1,0,0,Gambia
2011,GMB,0,,,Gambia
2012,GMB,0,,,Gambia
2013,GMB,0,,,Gambia
2014,GMB,0,,,Gambia
2015,GMB,0,,,Gambia
2023,GMB,0,0,,Gambia
1986,GNB,200,50,0.25,Guinea-Bissau
1987,GNB,6000,68,0.011333333333333334,Guinea-Bissau
1994,GNB,15296,285,0.018632322175732217,Guinea-Bissau
1995,GNB,119,0,0,Guinea-Bissau
1996,GNB,8397,84,0.010003572704537335,Guinea-Bissau
1997,GNB,20555,905,0.04402821697883726,Guinea-Bissau
1998,GNB,126,2,0.015873015873015872,Guinea-Bissau
2002,GNB,842,6,0.007125890736342043,Guinea-Bissau
2003,GNB,290,2,0.006896551724137931,Guinea-Bissau
2004,GNB,155,3,0.01935483870967742,Guinea-Bissau
2005,GNB,25111,399,0.015889450838278047,Guinea-Bissau
2006,GNB,37,0,0,Guinea-Bissau
2007,GNB,153,8,0.05228758169934641,Guinea-Bissau
2008,GNB,14323,225,0.015708999511275572,Guinea-Bissau
2009,GNB,5,0,0,Guinea-Bissau
2012,GNB,3068,22,0.007170795306388526,Guinea-Bissau
2013,GNB,969,28,0.02889576883384933,Guinea-Bissau
2014,GNB,11,2,0.18181818181818182,Guinea-Bissau
2017,GNB,0,,,Guinea-Bissau
2021,GNB,0,0,,Guinea-Bissau
2022,GNB,0,0,,Guinea-Bissau
2023,GNB,0,0,,Guinea-Bissau
1984,GNQ,404,31,0.07673267326732673,Eq Guinea
1985,GNQ,108,1,0.009259259259259259,Eq Guinea
2004,GNQ,59,1,0.01694915254237288,Eq Guinea
2005,GNQ,6391,33,0.0051635111876075735,Eq Guinea
2006,GNQ,0,0,,Eq Guinea
2011,GNQ,0,,,Eq Guinea
2012,GNQ,0,,,Eq Guinea
2013,GNQ,0,,,Eq Guinea
2014,GNQ,0,,,Eq Guinea
2015,GNQ,0,,,Eq Guinea
2016,GNQ,0,,,Eq Guinea
2017,GNQ,0,,,Eq Guinea
2018,GNQ,0,,,Eq Guinea
2019,GNQ,0,,,Eq Guinea
2020,GNQ,0,,,Eq Guinea
2021,GNQ,0,,,Eq Guinea
1986,GRC,1,0,0,Greece
1993,GRC,1,0,0,Greece
2015,GRC,0,,,Greece
2016,GRC,0,,,Greece
2017,GRC,0,,,Greece
2018,GRC,0,,,Greece
2019,GRC,0,,,Greece
2020,GRC,0,,,Greece
2021,GRC,0,,,Greece
2022,GRC,1,0,0,Greece
1991,GTM,3674,50,0.013609145345672292,Guatemala
1992,GTM,15395,207,0.013445924001299124,Guatemala
1993,GTM,30604,306,0.009998692981309633,Guatemala
1994,GTM,5282,36,0.006815600151457781,Guatemala
1995,GTM,7970,95,0.01191969887076537,Guatemala
1996,GTM,1568,14,0.008928571428571428,Guatemala
1997,GTM,1263,0,0,Guatemala
1998,GTM,5970,57,0.009547738693467337,Guatemala
1999,GTM,2077,0,0,Guatemala
2000,GTM,612,6,0.00980392156862745,Guatemala
2001,GTM,13,0,0,Guatemala
2002,GTM,1,0,0,Guatemala
2003,GTM,1,,,Guatemala
2015,GTM,0,,,Guatemala
2016,GTM,0,,,Guatemala
2017,GTM,0,,,Guatemala
2018,GTM,0,,,Guatemala
2019,GTM,0,,,Guatemala
2020,GTM,0,,,Guatemala
2021,GTM,0,,,Guatemala
2021,GUM,0,0,,Guam
2023,GUM,0,0,,Guam
1992,GUY,576,8,0.013888888888888888,Guyana
1993,GUY,66,2,0.030303030303030304,Guyana
2015,GUY,0,,,Guyana
2016,GUY,0,,,Guyana
2017,GUY,0,,,Guyana
2018,GUY,0,,,Guyana
2019,GUY,0,,,Guyana
2020,GUY,0,,,Guyana
2021,GUY,0,,,Guyana
1991,HND,17,0,0,Honduras
1992,HND,407,17,0.04176904176904177,Honduras
1993,HND,4013,102,0.02541739347121854,Honduras
1994,HND,5049,102,0.020202020202020204,Honduras
1995,HND,4717,77,0.016323934704261182,Honduras
1996,HND,708,14,0.01977401129943503,Honduras
1997,HND,100,1,0.01,Honduras
1998,HND,306,13,0.042483660130718956,Honduras
1999,HND,56,3,0.05357142857142857,Honduras
2000,HND,8,0,0,Honduras
2001,HND,1,0,0,Honduras
2015,HND,0,,,Honduras
2016,HND,0,,,Honduras
2017,HND,0,,,Honduras
2018,HND,0,,,Honduras
2019,HND,0,,,Honduras
2020,HND,0,,,Honduras
2021,HND,0,,,Honduras
2016,HRV,0,,,Croatia
2017,HRV,0,,,Croatia
2018,HRV,0,,,Croatia
2019,HRV,0,,,Croatia
2020,HRV,0,,,Croatia
2021,HRV,0,,,Croatia
2010,HTI,179379,3990,0.022243406418811566,Haiti
2011,HTI,340311,2869,0.008430523844365889,Haiti
2012,HTI,112076,894,0.007976730076019845,Haiti
2013,HTI,58809,593,0.01008349062218368,Haiti
2014,HTI,27753,296,0.010665513638165243,Haiti
2015,HTI,36045,322,0.008933277847135525,Haiti
2016,HTI,41421,447,0.010791627435358876,Haiti
2017,HTI,135861,159,0.0011703137765804756,Haiti
2018,HTI,3777,41,0.010855176065660577,Haiti
2019,HTI,720,3,0.004166666666666667,Haiti
2020,HTI,0,0,,Haiti
2021,HTI,0,0,,Haiti
2023,HTI,54767,711,0.012982270345280917,Haiti
1997,HUN,1,0,0,Hungary
2015,HUN,0,,,Hungary
2016,HUN,0,,,Hungary
2017,HUN,0,,,Hungary
2018,HUN,0,,,Hungary
2019,HUN,0,,,Hungary
2020,HUN,0,,,Hungary
2021,HUN,0,,,Hungary
1960,IDN,41,22,0.5365853658536586,Indonesia
1961,IDN,1742,474,0.27210103329506313,Indonesia
1962,IDN,428,80,0.18691588785046728,Indonesia
1963,IDN,535,83,0.15514018691588785,Indonesia
1964,IDN,326,69,0.2116564417177914,Indonesia
1966,IDN,204,36,0.17647058823529413,Indonesia
1967,IDN,700,139,0.19857142857142857,Indonesia
1968,IDN,135,22,0.16296296296296298,Indonesia
1969,IDN,627,262,0.4178628389154705,Indonesia
1970,IDN,5997,1257,0.2096048024012006,Indonesia
1971,IDN,23555,3607,0.15313097007004883,Indonesia
1972,IDN,44383,6956,0.15672667462767276,Indonesia
1973,IDN,52042,3058,0.0587602321202106,Indonesia
1974,IDN,41474,3920,0.09451704682451656,Indonesia
1975,IDN,48387,3715,0.0767768202203071,Indonesia
1976,IDN,41264,2665,0.06458414113997674,Indonesia
1977,IDN,17112,780,0.0455820476858345,Indonesia
1978,IDN,10683,507,0.04745857905082842,Indonesia
1979,IDN,18817,769,0.0408673008449806,Indonesia
1980,IDN,5541,150,0.02707092582566324,Indonesia
1981,IDN,18354,463,0.02522610875013621,Indonesia
1982,IDN,10391,535,0.05148686363198922,Indonesia
1983,IDN,13832,346,0.02501445922498554,Indonesia
1984,IDN,7921,59,0.00744855447544502,Indonesia
1985,IDN,4732,85,0.017962806424344887,Indonesia
1986,IDN,11915,391,0.032815778430549725,Indonesia
1987,IDN,659,18,0.027314112291350532,Indonesia
1988,IDN,50,0,0,Indonesia
1989,IDN,67,0,0,Indonesia
1990,IDN,155,0,0,Indonesia
1991,IDN,6202,55,0.008868107062237987,Indonesia
1992,IDN,25,0,0,Indonesia
1993,IDN,3564,25,0.007014590347923681,Indonesia
1994,IDN,47,0,0,Indonesia
1996,IDN,66,0,0,Indonesia
1997,IDN,66,0,0,Indonesia
2001,IDN,561,6,0.0106951871657754,Indonesia
2005,IDN,1338,19,0.014200298953662182,Indonesia
2008,IDN,1007,27,0.026812313803376366,Indonesia
2015,IDN,0,,,Indonesia
2016,IDN,0,,,Indonesia
2017,IDN,0,0,,Indonesia
2018,IDN,0,0,,Indonesia
2019,IDN,0,0,,Indonesia
2020,IDN,0,,,Indonesia
2021,IDN,0,0,,Indonesia
2023,IDN,0,0,,Indonesia
1950,IND,625,396,0.6336,India
1951,IND,86787,41543,0.47867768214133455,India
1952,IND,101493,58252,0.5739509128708384,India
1953,IND,213225,124227,0.5826099190995427,India
1954,IND,22146,19368,0.874559739907884,India
1955,IND,23533,7662,0.3255853482343943,India
1956,IND,39829,17206,0.4319967862612669,India
1957,IND,54961,49715,0.904550499445061,India
1958,IND,66849,49818,0.7452317910514742,India
1959,IND,14852,7696,0.5181793697818475,India
1960,IND,14621,,,India
1961,IND,47637,26946,0.5656527489136596,India
1962,IND,51082,27141,0.5313221878548217,India
1963,IND,44839,16357,0.36479404090189343,India
1964,IND,53011,17035,0.3213483993888061,India
1965,IND,42677,12664,0.2967406331279143,India
1966,IND,13052,2799,0.21444989273674533,India
1967,IND,13708,,,India
1968,IND,22587,,,India
1969,IND,19280,,,India
1970,IND,15067,3420,0.22698612862547288,India
1971,IND,71386,10478,0.14677948057041998,India
1972,IND,20435,2845,0.1392219231710301,India
1973,IND,41611,5406,0.1299175698733508,India
1974,IND,30903,2289,0.07407047859431123,India
1975,IND,22049,2330,0.10567372669962356,India
1976,IND,14946,662,0.04429278736785762,India
1977,IND,8376,289,0.03450334288443171,India
1978,IND,10585,246,0.023240434577231933,India
1979,IND,5073,113,0.02227478809383008,India
1980,IND,8344,307,0.036792905081495686,India
1981,IND,4681,150,0.03204443494979705,India
1982,IND,4656,213,0.04574742268041237,India
1983,IND,8542,309,0.036174198080074924,India
1984,IND,2527,27,0.010684606252473288,India
1985,IND,5808,155,0.02668732782369146,India
1986,IND,4208,70,0.016634980988593156,India
1987,IND,11934,240,0.020110608345902465,India
1988,IND,17162,380,0.02214194149865983,India
1989,IND,5640,93,0.01648936170212766,India
1990,IND,3583,83,0.023164945576332682,India
1991,IND,6993,149,0.021307021307021307,India
1992,IND,6911,55,0.007958327304297496,India
1993,IND,12084,51,0.004220456802383317,India
1994,IND,4973,32,0.006434747637241102,India
1995,IND,3315,5,0.0015082956259426848,India
1996,IND,4396,34,0.0077343039126478615,India
1997,IND,2768,16,0.005780346820809248,India
1998,IND,7151,11,0.0015382463991050204,India
1999,IND,3839,6,0.0015629070070330815,India
2000,IND,4053,20,0.004934616333580064,India
2001,IND,4081,6,0.001470227885322225,India
2002,IND,3455,10,0.002894356005788712,India
2003,IND,2893,2,6.91323885240235e-4,India
2004,IND,4695,7,0.001490947816826411,India
2005,IND,3155,6,0.001901743264659271,India
2006,IND,1939,3,0.0015471892728210418,India
2007,IND,2635,3,0.0011385199240986717,India
2008,IND,2680,1,3.7313432835820896e-4,India
2010,IND,5155,9,0.0017458777885548012,India
2013,IND,6008,54,0.008988015978695073,India
2014,IND,4031,21,0.005209625403125776,India
2015,IND,889,4,0.0044994375703037125,India
2016,IND,841,3,0.0035671819262782403,India
2017,IND,385,3,0.007792207792207792,India
2018,IND,697,,,India
2020,IND,70,,,India
2022,IND,601,,,India
2023,IND,649,,,India
2001,IRL,1,,,Ireland
2015,IRL,0,,,Ireland
2016,IRL,0,,,Ireland
2017,IRL,0,,,Ireland
2018,IRL,0,,,Ireland
2019,IRL,0,,,Ireland
2020,IRL,0,,,Ireland
2021,IRL,0,,,Ireland
1965,IRN,5037,,,Iran
1966,IRN,162,,,Iran
1967,IRN,221,,,Iran
1969,IRN,557,,,Iran
1970,IRN,19663,,,Iran
1971,IRN,344,,,Iran
1972,IRN,322,,,Iran
1973,IRN,55,,,Iran
1974,IRN,304,,,Iran
1975,IRN,2966,,,Iran
1976,IRN,2100,,,Iran
1977,IRN,10836,,,Iran
1978,IRN,264,,,Iran
1979,IRN,1856,56,0.03017241379310345,Iran
1980,IRN,1599,32,0.020012507817385866,Iran
1981,IRN,6034,108,0.017898574743122307,Iran
1982,IRN,427,0,0,Iran
1983,IRN,270,0,0,Iran
1984,IRN,531,5,0.009416195856873822,Iran
1985,IRN,1208,9,0.0074503311258278145,Iran
1986,IRN,20,1,0.05,Iran
1987,IRN,295,4,0.013559322033898305,Iran
1988,IRN,486,15,0.030864197530864196,Iran
1989,IRN,5222,85,0.01627728839525086,Iran
1990,IRN,178,3,0.016853932584269662,Iran
1991,IRN,1892,32,0.016913319238900635,Iran
1992,IRN,97,4,0.041237113402061855,Iran
1993,IRN,1347,5,0.003711952487008166,Iran
1994,IRN,15,0,0,Iran
1995,IRN,2177,59,0.027101515847496555,Iran
1997,IRN,1106,9,0.0081374321880651,Iran
1998,IRN,270,1,0.003703703703703704,Iran
1999,IRN,1369,21,0.015339663988312637,Iran
2000,IRN,345,3,0.008695652173913044,Iran
2001,IRN,105,,,Iran
2002,IRN,118,,,Iran
2003,IRN,96,0,0,Iran
2004,IRN,94,1,0.010638297872340425,Iran
2005,IRN,1133,11,0.009708737864077669,Iran
2007,IRN,19,0,0,Iran
2008,IRN,72,4,0.05555555555555555,Iran
2011,IRN,1187,12,0.010109519797809604,Iran
2012,IRN,53,0,0,Iran
2013,IRN,256,7,0.02734375,Iran
2015,IRN,86,1,0.011627906976744186,Iran
2016,IRN,5,0,0,Iran
2017,IRN,634,4,0.006309148264984227,Iran
2018,IRN,7,0,0,Iran
2019,IRN,2,0,0,Iran
2020,IRN,1,0,0,Iran
2021,IRN,0,0,,Iran
2023,IRN,79,1,0.012658227848101266,Iran
1966,IRQ,227,20,0.0881057268722467,Iraq
1977,IRQ,133,1,0.007518796992481203,Iraq
1978,IRQ,96,0,0,Iraq
1991,IRQ,877,6,0.0068415051311288486,Iraq
1992,IRQ,97,0,0,Iraq
1993,IRQ,280,0,0,Iraq
1994,IRQ,838,0,0,Iraq
1995,IRQ,820,3,0.003658536585365854,Iraq
1996,IRQ,1,0,0,Iraq
1998,IRQ,53,1,0.018867924528301886,Iraq
1999,IRQ,1985,30,0.015113350125944584,Iraq
2000,IRQ,532,4,0.007518796992481203,Iraq
2001,IRQ,560,,,Iraq
2002,IRQ,718,,,Iraq
2003,IRQ,187,0,0,Iraq
2004,IRQ,35,0,0,Iraq
2007,IRQ,4697,24,0.005109644453906749,Iraq
2008,IRQ,925,11,0.011891891891891892,Iraq
2009,IRQ,6,0,0,Iraq
2010,IRQ,2,0,0,Iraq
2012,IRQ,4693,4,8.523332623055614e-4,Iraq
2013,IRQ,1,0,0,Iraq
2015,IRQ,4965,2,4.028197381671702e-4,Iraq
2016,IRQ,35,0,0,Iraq
2017,IRQ,0,,,Iraq
2018,IRQ,3,0,0,Iraq
2019,IRQ,0,,,Iraq
2020,IRQ,9,0,0,Iraq
2021,IRQ,0,0,,Iraq
2022,IRQ,3708,25,0.00674217907227616,Iraq
2023,IRQ,1337,7,0.005235602094240838,Iraq
2016,ISL,0,,,Iceland
2017,ISL,0,,,Iceland
2018,ISL,0,,,Iceland
2019,ISL,0,,,Iceland
2020,ISL,0,,,Iceland
2021,ISL,0,,,Iceland
1970,ISR,185,10,0.05405405405405406,Israel
1971,ISR,1,0,0,Israel
1972,ISR,11,0,0,Israel
1982,ISR,1,0,0,Israel
1987,ISR,2,0,0,Israel
1988,ISR,1,0,0,Israel
2013,ISR,1,0,0,Israel
2015,ISR,0,,,Israel
2016,ISR,0,,,Israel
2017,ISR,0,,,Israel
2018,ISR,0,,,Israel
2019,ISR,0,,,Israel
2020,ISR,0,,,Israel
2021,ISR,0,,,Israel
1973,ITA,278,23,0.08273381294964029,Italy
1975,ITA,1,0,0,Italy
1977,ITA,2,0,0,Italy
1979,ITA,8,0,0,Italy
1994,ITA,12,9,0.75,Italy
1995,ITA,1,0,0,Italy
1998,ITA,2,9,4.5,Italy
2006,ITA,1,0,0,Italy
2007,ITA,1,0,0,Italy
2013,ITA,1,0,0,Italy
2015,ITA,0,,,Italy
2016,ITA,0,,,Italy
2017,ITA,0,,,Italy
2018,ITA,0,,,Italy
2019,ITA,0,,,Italy
2020,ITA,0,,,Italy
2021,ITA,0,,,Italy
2022,ITA,1,0,0,Italy
1970,JOR,3,0,0,Jordan
1976,JOR,152,0,0,Jordan
1977,JOR,427,1,0.00234192037470726,Jordan
1979,JOR,141,0,0,Jordan
1981,JOR,870,4,0.004597701149425287,Jordan
1990,JOR,2,0,0,Jordan
2015,JOR,0,,,Jordan
2016,JOR,0,,,Jordan
2017,JOR,0,0,,Jordan
2018,JOR,0,0,,Jordan
2019,JOR,0,,,Jordan
2020,JOR,0,,,Jordan
2021,JOR,0,0,,Jordan
2023,JOR,0,0,,Jordan
1963,JPN,16,0,0,Japan
1964,JPN,2,1,0.5,Japan
1969,JPN,8,,,Japan
1970,JPN,5,,,Japan
1975,JPN,3,0,0,Japan
1976,JPN,6,0,0,Japan
1977,JPN,52,1,0.019230769230769232,Japan
1978,JPN,34,1,0.029411764705882353,Japan
1979,JPN,11,0,0,Japan
1980,JPN,23,0,0,Japan
1981,JPN,19,0,0,Japan
1982,JPN,16,0,0,Japan
1983,JPN,35,0,0,Japan
1984,JPN,55,0,0,Japan
1985,JPN,36,0,0,Japan
1986,JPN,26,0,0,Japan
1987,JPN,34,0,0,Japan
1988,JPN,33,0,0,Japan
1989,JPN,95,0,0,Japan
1990,JPN,73,0,0,Japan
1991,JPN,90,1,0.011111111111111112,Japan
1992,JPN,46,0,0,Japan
1993,JPN,89,0,0,Japan
1994,JPN,91,0,0,Japan
1995,JPN,321,1,0.003115264797507788,Japan
1996,JPN,39,0,0,Japan
1997,JPN,89,0,0,Japan
1998,JPN,60,0,0,Japan
1999,JPN,40,0,0,Japan
2000,JPN,34,0,0,Japan
2001,JPN,30,,,Japan
2002,JPN,27,0,0,Japan
2003,JPN,16,0,0,Japan
2004,JPN,66,0,0,Japan
2005,JPN,43,0,0,Japan
2006,JPN,34,0,0,Japan
2007,JPN,0,0,,Japan
2011,JPN,12,,,Japan
2012,JPN,3,0,0,Japan
2013,JPN,8,0,0,Japan
2014,JPN,5,0,0,Japan
2015,JPN,7,,,Japan
2016,JPN,10,0,0,Japan
2017,JPN,7,0,0,Japan
2018,JPN,4,0,0,Japan
2019,JPN,5,0,0,Japan
2020,JPN,1,0,0,Japan
2021,JPN,0,0,,Japan
2023,JPN,2,0,0,Japan
1993,KAZ,74,0,0,Kazakhstan
1994,KAZ,3,0,0,Kazakhstan
1995,KAZ,16,0,0,Kazakhstan
1997,KAZ,4,0,0,Kazakhstan
2001,KAZ,1,,,Kazakhstan
2008,KAZ,1,0,0,Kazakhstan
2015,KAZ,0,,,Kazakhstan
2016,KAZ,0,,,Kazakhstan
2017,KAZ,0,,,Kazakhstan
2018,KAZ,0,,,Kazakhstan
2019,KAZ,0,,,Kazakhstan
2020,KAZ,0,,,Kazakhstan
2021,KAZ,0,,,Kazakhstan
1971,KEN,239,38,0.1589958158995816,Kenya
1972,KEN,51,0,0,Kenya
1974,KEN,402,20,0.04975124378109453,Kenya
1975,KEN,1093,74,0.0677035681610247,Kenya
1976,KEN,1359,59,0.04341427520235467,Kenya
1977,KEN,21,0,0,Kenya
1978,KEN,673,17,0.02526002971768202,Kenya
1979,KEN,1070,2,0.001869158878504673,Kenya
1980,KEN,2808,42,0.014957264957264958,Kenya
1981,KEN,2424,108,0.04455445544554455,Kenya
1982,KEN,3498,91,0.026014865637507146,Kenya
1983,KEN,1049,53,0.05052430886558627,Kenya
1984,KEN,14,0,0,Kenya
1985,KEN,1352,102,0.07544378698224852,Kenya
1986,KEN,839,45,0.05363528009535161,Kenya
1987,KEN,255,12,0.047058823529411764,Kenya
1989,KEN,918,32,0.034858387799564274,Kenya
1992,KEN,3388,100,0.0295159386068477,Kenya
1994,KEN,880,28,0.031818181818181815,Kenya
1995,KEN,1547,39,0.025210084033613446,Kenya
1996,KEN,482,14,0.029045643153526972,Kenya
1997,KEN,17200,555,0.03226744186046512,Kenya
1998,KEN,22432,1237,0.055144436519258204,Kenya
1999,KEN,11039,350,0.03170577045022194,Kenya
2000,KEN,1157,78,0.06741573033707865,Kenya
2001,KEN,1001,55,0.054945054945054944,Kenya
2002,KEN,291,10,0.03436426116838488,Kenya
2004,KEN,870,15,0.017241379310344827,Kenya
2005,KEN,816,21,0.025735294117647058,Kenya
2006,KEN,870,11,0.01264367816091954,Kenya
2007,KEN,1206,67,0.05555555555555555,Kenya
2008,KEN,3091,113,0.036557748301520546,Kenya
2009,KEN,11425,264,0.02310722100656455,Kenya
2010,KEN,3188,63,0.019761606022584692,Kenya
2011,KEN,74,2,0.02702702702702703,Kenya
2014,KEN,35,9,0.2571428571428571,Kenya
2015,KEN,13291,67,0.005041005191482958,Kenya
2016,KEN,5866,80,0.013637913399249914,Kenya
2017,KEN,4288,82,0.01912313432835821,Kenya
2018,KEN,5719,78,0.01363874803287288,Kenya
2019,KEN,5208,141,0.02707373271889401,Kenya
2020,KEN,447,12,0.026845637583892617,Kenya
2021,KEN,38,0,0,Kenya
2022,KEN,3525,64,0.018156028368794326,Kenya
2023,KEN,8809,141,0.01600635713474855,Kenya
1994,KGZ,4,0,0,Kyrgyzstan
2015,KGZ,0,,,Kyrgyzstan
2016,KGZ,0,,,Kyrgyzstan
2017,KGZ,0,,,Kyrgyzstan
2018,KGZ,0,,,Kyrgyzstan
2019,KGZ,0,,,Kyrgyzstan
2020,KGZ,0,,,Kyrgyzstan
2021,KGZ,0,,,Kyrgyzstan
1950,KHM,10,1,0.1,Cambodia
1951,KHM,57,40,0.7017543859649122,Cambodia
1952,KHM,24,10,0.4166666666666667,Cambodia
1953,KHM,11,8,0.7272727272727273,Cambodia
1954,KHM,2,2,1,Cambodia
1956,KHM,1,1,1,Cambodia
1957,KHM,6,1,0.16666666666666666,Cambodia
1958,KHM,3,0,0,Cambodia
1963,KHM,52,13,0.25,Cambodia
1964,KHM,187,27,0.1443850267379679,Cambodia
1966,KHM,62,5,0.08064516129032258,Cambodia
1967,KHM,4,0,0,Cambodia
1968,KHM,8,1,0.125,Cambodia
1973,KHM,159,14,0.0880503144654088,Cambodia
1974,KHM,145,1,0.006896551724137931,Cambodia
1975,KHM,66,0,0,Cambodia
1987,KHM,474,55,0.1160337552742616,Cambodia
1988,KHM,56,0,0,Cambodia
1989,KHM,47,2,0.0425531914893617,Cambodia
1990,KHM,5,0,0,Cambodia
1991,KHM,770,97,0.12597402597402596,Cambodia
1992,KHM,1229,120,0.09764035801464606,Cambodia
1993,KHM,2252,104,0.046181172291296625,Cambodia
1994,KHM,3085,211,0.06839546191247974,Cambodia
1995,KHM,4190,123,0.029355608591885442,Cambodia
1996,KHM,740,20,0.02702702702702703,Cambodia
1997,KHM,155,0,0,Cambodia
1998,KHM,1197,66,0.05513784461152882,Cambodia
1999,KHM,1711,130,0.07597895967270601,Cambodia
2004,KHM,57,1,0.017543859649122806,Cambodia
2009,KHM,39,0,0,Cambodia
2010,KHM,588,1,0.0017006802721088435,Cambodia
2015,KHM,0,0,,Cambodia
2016,KHM,0,,,Cambodia
2017,KHM,0,0,,Cambodia
2020,KHM,48,,,Cambodia
2021,KHM,26,0,0,Cambodia
2022,KHM,20,0,0,Cambodia
2023,KHM,0,0,,Cambodia
1977,KIR,1307,21,0.016067329762815608,Kiribati
1978,KIR,494,0,0,Kiribati
2015,KIR,0,,,Kiribati
2016,KIR,0,,,Kiribati
2017,KIR,0,0,,Kiribati
2018,KIR,0,0,,Kiribati
2019,KIR,0,,,Kiribati
2020,KIR,0,0,,Kiribati
2021,KIR,0,0,,Kiribati
2023,KIR,0,0,,Kiribati
1963,KOR,415,38,0.09156626506024096,South Korea
1964,KOR,11,1,0.09090909090909091,South Korea
1969,KOR,1538,137,0.08907672301690507,South Korea
1970,KOR,475,23,0.04842105263157895,South Korea
1980,KOR,145,4,0.027586206896551724,South Korea
1991,KOR,113,4,0.035398230088495575,South Korea
1992,KOR,6,0,0,South Korea
1993,KOR,5,0,0,South Korea
1994,KOR,34,0,0,South Korea
1995,KOR,74,0,0,South Korea
1996,KOR,7,0,0,South Korea
1997,KOR,10,0,0,South Korea
2001,KOR,138,0,0,South Korea
2004,KOR,10,0,0,South Korea
2010,KOR,1,0,0,South Korea
2011,KOR,3,,,South Korea
2013,KOR,3,0,0,South Korea
2015,KOR,0,,,South Korea
2016,KOR,4,0,0,South Korea
2017,KOR,5,0,0,South Korea
2018,KOR,2,0,0,South Korea
2019,KOR,1,0,0,South Korea
2021,KOR,0,0,,South Korea
2023,KOR,0,0,,South Korea
1970,KWT,4,0,0,Kuwait
1975,KWT,3,1,0.3333333333333333,Kuwait
1976,KWT,2,0,0,Kuwait
1977,KWT,13,0,0,Kuwait
1978,KWT,1,0,0,Kuwait
1979,KWT,3,0,0,Kuwait
1981,KWT,8,0,0,Kuwait
1985,KWT,113,0,0,Kuwait
1986,KWT,38,0,0,Kuwait
1989,KWT,133,0,0,Kuwait
1993,KWT,1,0,0,Kuwait
1997,KWT,1,,,Kuwait
2015,KWT,5,0,0,Kuwait
2016,KWT,0,,,Kuwait
2017,KWT,0,0,,Kuwait
2018,KWT,0,0,,Kuwait
2019,KWT,0,,,Kuwait
2020,KWT,0,,,Kuwait
2021,KWT,0,0,,Kuwait
2022,KWT,1,0,0,Kuwait
1953,LAO,31,18,0.5806451612903226,Laos
1969,LAO,448,21,0.046875,Laos
1993,LAO,5521,255,0.0461872849121536,Laos
1994,LAO,9660,606,0.06273291925465839,Laos
1995,LAO,1365,174,0.12747252747252746,Laos
1996,LAO,720,33,0.04583333333333333,Laos
2007,LAO,169,3,0.01775147928994083,Laos
2008,LAO,201,0,0,Laos
2010,LAO,237,4,0.016877637130801686,Laos
2015,LAO,0,,,Laos
2016,LAO,0,,,Laos
2017,LAO,0,0,,Laos
2018,LAO,0,,,Laos
2019,LAO,0,,,Laos
2020,LAO,0,,,Laos
2021,LAO,0,0,,Laos
2023,LAO,0,0,,Laos
1970,LBN,54,1,0.018518518518518517,Lebanon
1977,LBN,30,0,0,Lebanon
1993,LBN,344,23,0.06686046511627906,Lebanon
1994,LBN,3,,,Lebanon
2005,LBN,1,0,0,Lebanon
2015,LBN,0,,,Lebanon
2016,LBN,0,,,Lebanon
2017,LBN,0,0,,Lebanon
2018,LBN,0,0,,Lebanon
2019,LBN,0,,,Lebanon
2020,LBN,0,,,Lebanon
2021,LBN,0,0,,Lebanon
2022,LBN,5715,23,0.004024496937882764,Lebanon
2023,LBN,2406,0,0,Lebanon
1970,LBR,168,27,0.16071428571428573,Liberia
1971,LBR,606,106,0.17491749174917492,Liberia
1972,LBR,947,28,0.029567053854276663,Liberia
1973,LBR,1336,27,0.020209580838323353,Liberia
1974,LBR,512,12,0.0234375,Liberia
1975,LBR,704,16,0.022727272727272728,Liberia
1976,LBR,646,10,0.015479876160990712,Liberia
1977,LBR,512,18,0.03515625,Liberia
1978,LBR,422,9,0.02132701421800948,Liberia
1979,LBR,438,6,0.0136986301369863,Liberia
1980,LBR,2690,55,0.020446096654275093,Liberia
1981,LBR,1582,33,0.020859671302149177,Liberia
1982,LBR,670,8,0.011940298507462687,Liberia
1983,LBR,183,12,0.06557377049180328,Liberia
1984,LBR,492,8,0.016260162601626018,Liberia
1985,LBR,355,3,0.008450704225352112,Liberia
1986,LBR,59,0,0,Liberia
1987,LBR,33,1,0.030303030303030304,Liberia
1988,LBR,68,1,0.014705882352941176,Liberia
1989,LBR,28,0,0,Liberia
1991,LBR,132,40,0.30303030303030304,Liberia
1994,LBR,764,17,0.02225130890052356,Liberia
1995,LBR,3420,126,0.03684210526315789,Liberia
1996,LBR,8922,169,0.018941941268773816,Liberia
1997,LBR,91,0,0,Liberia
1998,LBR,2123,17,0.00800753650494583,Liberia
1999,LBR,215,0,0,Liberia
2000,LBR,365,10,0.0273972602739726,Liberia
2001,LBR,1062,0,0,Liberia
2002,LBR,1115,0,0,Liberia
2003,LBR,34740,38,0.001093839953943581,Liberia
2004,LBR,2786,4,0.0014357501794687725,Liberia
2005,LBR,3823,18,0.004708344232278315,Liberia
2006,LBR,4929,17,0.003448975451410022,Liberia
2007,LBR,3063,7,0.002285341168788769,Liberia
2008,LBR,1236,3,0.0024271844660194173,Liberia
2009,LBR,1070,2,0.001869158878504673,Liberia
2010,LBR,1546,0,0,Liberia
2011,LBR,1146,,,Liberia
2012,LBR,219,0,0,Liberia
2013,LBR,92,0,0,Liberia
2014,LBR,44,0,0,Liberia
2017,LBR,0,0,,Liberia
2018,LBR,2,0,0,Liberia
2021,LBR,167,0,0,Liberia
2022,LBR,367,0,0,Liberia
2023,LBR,925,0,0,Liberia
1970,LBY,1151,28,0.02432667245873154,Libya
1995,LBY,22,2,0.09090909090909091,Libya
2015,LBY,0,,,Libya
2016,LBY,0,,,Libya
2017,LBY,0,0,,Libya
2018,LBY,0,,,Libya
2019,LBY,0,0,,Libya
2020,LBY,0,,,Libya
2021,LBY,0,0,,Libya
2023,LBY,0,0,,Libya
1973,LKA,118,13,0.11016949152542373,Sri Lanka
1974,LKA,4559,333,0.07304233384514147,Sri Lanka
1975,LKA,1453,67,0.04611149346180317,Sri Lanka
1976,LKA,728,16,0.02197802197802198,Sri Lanka
1977,LKA,5,0,0,Sri Lanka
1978,LKA,48,2,0.041666666666666664,Sri Lanka
1979,LKA,46,0,0,Sri Lanka
1980,LKA,104,4,0.038461538461538464,Sri Lanka
1981,LKA,574,57,0.09930313588850175,Sri Lanka
1982,LKA,309,21,0.06796116504854369,Sri Lanka
1983,LKA,86,2,0.023255813953488372,Sri Lanka
1988,LKA,154,11,0.07142857142857142,Sri Lanka
1991,LKA,70,2,0.02857142857142857,Sri Lanka
1992,LKA,121,3,0.024793388429752067,Sri Lanka
1993,LKA,1,0,0,Sri Lanka
1997,LKA,430,12,0.027906976744186046,Sri Lanka
1998,LKA,1536,49,0.031901041666666664,Sri Lanka
1999,LKA,108,5,0.046296296296296294,Sri Lanka
2000,LKA,2,0,0,Sri Lanka
2002,LKA,9,1,0.1111111111111111,Sri Lanka
2015,LKA,0,,,Sri Lanka
2016,LKA,0,,,Sri Lanka
2017,LKA,0,0,,Sri Lanka
2018,LKA,0,0,,Sri Lanka
2019,LKA,0,,,Sri Lanka
2020,LKA,0,,,Sri Lanka
2021,LKA,0,0,,Sri Lanka
2023,LKA,0,0,,Sri Lanka
2005,LSO,0,0,,Lesotho
2006,LSO,0,0,,Lesotho
2011,LSO,0,,,Lesotho
2012,LSO,0,,,Lesotho
2013,LSO,0,,,Lesotho
2014,LSO,0,,,Lesotho
2015,LSO,0,,,Lesotho
2016,LSO,0,,,Lesotho
2017,LSO,0,,,Lesotho
2018,LSO,0,0,,Lesotho
2019,LSO,0,,,Lesotho
2020,LSO,0,,,Lesotho
2021,LSO,0,0,,Lesotho
2023,LSO,0,0,,Lesotho
2015,LTU,0,0,,Lithuania
2016,LUX,0,,,Luxembourg
2017,LUX,0,,,Luxembourg
2018,LUX,0,,,Luxembourg
2019,LUX,0,,,Luxembourg
2020,LUX,0,,,Luxembourg
2021,LUX,0,,,Luxembourg
2016,LVA,0,,,Latvia
2017,LVA,0,,,Latvia
2018,LVA,0,,,Latvia
2019,LVA,0,,,Latvia
2020,LVA,0,,,Latvia
2021,LVA,0,,,Latvia
1971,MAR,56,0,0,Morocco
1972,MAR,7,0,0,Morocco
1976,MAR,2,0,0,Morocco
1990,MAR,4573,137,0.029958451782199868,Morocco
1994,MAR,6,0,0,Morocco
2015,MAR,0,,,Morocco
2016,MAR,0,,,Morocco
2017,MAR,0,0,,Morocco
2018,MAR,0,,,Morocco
2019,MAR,0,0,,Morocco
2020,MAR,0,,,Morocco
2021,MAR,0,0,,Morocco
2023,MAR,0,0,,Morocco
1993,MDA,1,0,0,Moldova
1994,MDA,8,0,0,Moldova
1995,MDA,240,5,0.020833333333333332,Moldova
2015,MDA,0,,,Moldova
2016,MDA,0,,,Moldova
2017,MDA,0,,,Moldova
2018,MDA,0,,,Moldova
2019,MDA,0,,,Moldova
2020,MDA,0,,,Moldova
2021,MDA,0,,,Moldova
1971,MDG,2,0,0,Madagascar
1996,MDG,0,0,,Madagascar
1999,MDG,9973,549,0.05504863130452221,Madagascar
2000,MDG,29305,1672,0.057055110049479614,Madagascar
2001,MDG,7219,413,0.0572101399085746,Madagascar
2002,MDG,27,0,0,Madagascar
2003,MDG,5,0,0,Madagascar
2005,MDG,0,0,,Madagascar
2006,MDG,0,0,,Madagascar
2012,MDG,0,,,Madagascar
2014,MDG,0,,,Madagascar
2015,MDG,0,,,Madagascar
2016,MDG,0,,,Madagascar
2017,MDG,0,,,Madagascar
2018,MDG,0,,,Madagascar
2019,MDG,0,,,Madagascar
2020,MDG,0,,,Madagascar
2021,MDG,0,,,Madagascar
2023,MDG,0,0,,Madagascar
1978,MDV,11336,220,0.019407198306280876,Maldives
2015,MDV,0,,,Maldives
2016,MDV,0,,,Maldives
2017,MDV,0,0,,Maldives
2018,MDV,0,0,,Maldives
2019,MDV,0,0,,Maldives
2020,MDV,0,0,,Maldives
2021,MDV,0,,,Maldives
2023,MDV,0,0,,Maldives
1991,MEX,2690,34,0.012639405204460967,Mexico
1992,MEX,8162,99,0.012129380053908356,Mexico
1993,MEX,10712,193,0.018017176997759524,Mexico
1994,MEX,4059,56,0.01379650160137965,Mexico
1995,MEX,16430,137,0.008338405356055996,Mexico
1996,MEX,1088,5,0.004595588235294118,Mexico
1997,MEX,2356,1,4.2444821731748726e-4,Mexico
1998,MEX,71,0,0,Mexico
2000,MEX,5,0,0,Mexico
2001,MEX,1,0,0,Mexico
2008,MEX,1,0,0,Mexico
2010,MEX,1,0,0,Mexico
2011,MEX,1,0,0,Mexico
2012,MEX,2,0,0,Mexico
2013,MEX,187,1,0.0053475935828877,Mexico
2014,MEX,14,0,0,Mexico
2015,MEX,1,0,0,Mexico
2016,MEX,0,,,Mexico
2017,MEX,0,,,Mexico
2018,MEX,1,,,Mexico
2019,MEX,0,,,Mexico
2020,MEX,0,,,Mexico
2021,MEX,0,,,Mexico
2000,MHL,300,6,0.02,Marshall Islands
2015,MHL,0,,,Marshall Islands
2016,MHL,0,,,Marshall Islands
2017,MHL,0,0,,Marshall Islands
2018,MHL,0,0,,Marshall Islands
2019,MHL,0,,,Marshall Islands
2020,MHL,0,0,,Marshall Islands
2021,MHL,0,0,,Marshall Islands
2023,MHL,0,0,,Marshall Islands
2016,MKD,0,,,North Macedonia
2017,MKD,0,,,North Macedonia
2018,MKD,0,,,North Macedonia
2019,MKD,0,,,North Macedonia
2020,MKD,0,,,North Macedonia
2021,MKD,0,,,North Macedonia
1970,MLI,2665,201,0.07542213883677298,Mali
1971,MLI,4792,1321,0.2756677796327212,Mali
1972,MLI,2,0,0,Mali
1973,MLI,219,32,0.1461187214611872,Mali
1974,MLI,130,21,0.16153846153846155,Mali
1984,MLI,1795,406,0.22618384401114205,Mali
1985,MLI,3759,838,0.2229316307528598,Mali
1986,MLI,1916,151,0.07881002087682672,Mali
1987,MLI,352,84,0.23863636363636365,Mali
1995,MLI,2191,231,0.10543130990415335,Mali
1996,MLI,5723,761,0.13297221736851303,Mali
1997,MLI,6,3,0.5,Mali
1999,MLI,6,3,0.5,Mali
2000,MLI,1885,51,0.027055702917771884,Mali
2001,MLI,67,9,0.13432835820895522,Mali
2002,MLI,18,2,0.1111111111111111,Mali
2003,MLI,1455,119,0.08178694158075601,Mali
2004,MLI,2839,205,0.07220852412821416,Mali
2005,MLI,1178,76,0.06451612903225806,Mali
2006,MLI,7,0,0,Mali
2008,MLI,153,5,0.032679738562091505,Mali
2011,MLI,2220,95,0.04279279279279279,Mali
2012,MLI,219,19,0.0867579908675799,Mali
2013,MLI,23,2,0.08695652173913043,Mali
2017,MLI,0,0,,Mali
2018,MLI,0,0,,Mali
2019,MLI,0,0,,Mali
2021,MLI,12,4,0.3333333333333333,Mali
2022,MLI,0,0,,Mali
2023,MLI,0,0,,Mali
1950,MMR,4212,2785,0.6612060778727445,Myanmar (Burma)
1951,MMR,6753,4685,0.6937657337479639,Myanmar (Burma)
1952,MMR,347,245,0.7060518731988472,Myanmar (Burma)
1953,MMR,22,9,0.4090909090909091,Myanmar (Burma)
1954,MMR,35,19,0.5428571428571428,Myanmar (Burma)
1955,MMR,42,12,0.2857142857142857,Myanmar (Burma)
1956,MMR,13,6,0.46153846153846156,Myanmar (Burma)
1957,MMR,10,3,0.3,Myanmar (Burma)
1958,MMR,7,3,0.42857142857142855,Myanmar (Burma)
1959,MMR,3,2,0.6666666666666666,Myanmar (Burma)
1960,MMR,259,200,0.7722007722007722,Myanmar (Burma)
1961,MMR,1,0,0,Myanmar (Burma)
1962,MMR,1,0,0,Myanmar (Burma)
1963,MMR,3019,783,0.25935740311361377,Myanmar (Burma)
1964,MMR,922,171,0.18546637744034708,Myanmar (Burma)
1965,MMR,207,8,0.03864734299516908,Myanmar (Burma)
1966,MMR,263,17,0.06463878326996197,Myanmar (Burma)
1967,MMR,9,0,0,Myanmar (Burma)
1968,MMR,3,0,0,Myanmar (Burma)
1969,MMR,205,34,0.16585365853658537,Myanmar (Burma)
1970,MMR,911,76,0.08342480790340286,Myanmar (Burma)
1971,MMR,378,42,0.1111111111111111,Myanmar (Burma)
1972,MMR,180,7,0.03888888888888889,Myanmar (Burma)
1973,MMR,386,24,0.06217616580310881,Myanmar (Burma)
1974,MMR,2363,203,0.08590774439272111,Myanmar (Burma)
1975,MMR,2942,172,0.05846363018354861,Myanmar (Burma)
1976,MMR,1519,173,0.11389071757735353,Myanmar (Burma)
1978,MMR,3551,372,0.10475922275415377,Myanmar (Burma)
1979,MMR,874,75,0.08581235697940504,Myanmar (Burma)
1980,MMR,1018,50,0.04911591355599214,Myanmar (Burma)
1981,MMR,28,3,0.10714285714285714,Myanmar (Burma)
1983,MMR,989,29,0.029322548028311426,Myanmar (Burma)
1989,MMR,597,11,0.018425460636515914,Myanmar (Burma)
1991,MMR,924,39,0.04220779220779221,Myanmar (Burma)
1992,MMR,826,50,0.06053268765133172,Myanmar (Burma)
1993,MMR,1758,52,0.02957906712172924,Myanmar (Burma)
1994,MMR,421,4,0.009501187648456057,Myanmar (Burma)
1995,MMR,1296,6,0.004629629629629629,Myanmar (Burma)
2008,MMR,45,1,0.022222222222222223,Myanmar (Burma)
2011,MMR,16,,,Myanmar (Burma)
2012,MMR,174,0,0,Myanmar (Burma)
2013,MMR,33,0,0,Myanmar (Burma)
2014,MMR,400,,,Myanmar (Burma)
2015,MMR,103,12,0.11650485436893204,Myanmar (Burma)
2016,MMR,782,11,0.014066496163682864,Myanmar (Burma)
2017,MMR,0,0,,Myanmar (Burma)
2018,MMR,0,0,,Myanmar (Burma)
2019,MMR,0,0,,Myanmar (Burma)
2020,MMR,0,,,Myanmar (Burma)
2021,MMR,0,0,,Myanmar (Burma)
2016,MNE,0,,,Montenegro
2017,MNE,0,,,Montenegro
2018,MNE,0,,,Montenegro
2019,MNE,0,,,Montenegro
2020,MNE,0,,,Montenegro
2021,MNE,0,,,Montenegro
1996,MNG,177,12,0.06779661016949153,Mongolia
2005,MNG,0,0,,Mongolia
2015,MNG,0,,,Mongolia
2016,MNG,0,,,Mongolia
2017,MNG,0,0,,Mongolia
2018,MNG,0,0,,Mongolia
2019,MNG,0,,,Mongolia
2020,MNG,0,,,Mongolia
2021,MNG,0,0,,Mongolia
2023,MNG,0,0,,Mongolia
1973,MOZ,453,87,0.19205298013245034,Mozambique
1974,MOZ,1018,138,0.13555992141453832,Mozambique
1975,MOZ,11,3,0.2727272727272727,Mozambique
1976,MOZ,3,2,0.6666666666666666,Mozambique
1977,MOZ,18,3,0.16666666666666666,Mozambique
1979,MOZ,4564,547,0.1198510078878177,Mozambique
1980,MOZ,1212,85,0.07013201320132013,Mozambique
1981,MOZ,1753,132,0.07529948659440959,Mozambique
1982,MOZ,2301,199,0.08648413733159496,Mozambique
1983,MOZ,10745,447,0.041600744532340625,Mozambique
1984,MOZ,521,11,0.02111324376199616,Mozambique
1985,MOZ,3,0,0,Mozambique
1986,MOZ,1,0,0,Mozambique
1989,MOZ,371,12,0.03234501347708895,Mozambique
1990,MOZ,4152,194,0.04672447013487476,Mozambique
1991,MOZ,7847,328,0.041799413788709064,Mozambique
1992,MOZ,30802,727,0.02360236348289072,Mozambique
1993,MOZ,19803,507,0.025602181487653385,Mozambique
1994,MOZ,692,27,0.03901734104046243,Mozambique
1996,MOZ,0,0,,Mozambique
1997,MOZ,8739,259,0.029637258267536333,Mozambique
1998,MOZ,42672,1353,0.03170697412823397,Mozambique
1999,MOZ,44329,1194,0.026934963567867537,Mozambique
2000,MOZ,17649,238,0.013485183296504052,Mozambique
2001,MOZ,8794,102,0.011598817375483284,Mozambique
2002,MOZ,24375,342,0.01403076923076923,Mozambique
2003,MOZ,13758,102,0.007413868294810292,Mozambique
2004,MOZ,20080,110,0.005478087649402391,Mozambique
2005,MOZ,2226,24,0.01078167115902965,Mozambique
2006,MOZ,6306,29,0.0045987947986045035,Mozambique
2007,MOZ,2622,22,0.008390541571319604,Mozambique
2008,MOZ,9087,102,0.011224826675470452,Mozambique
2009,MOZ,19679,155,0.007876416484577469,Mozambique
2010,MOZ,7430,117,0.015746971736204575,Mozambique
2011,MOZ,1279,5,0.003909304143862392,Mozambique
2012,MOZ,647,7,0.010819165378670788,Mozambique
2013,MOZ,1869,19,0.010165864098448368,Mozambique
2014,MOZ,480,1,0.0020833333333333333,Mozambique
2015,MOZ,8739,64,0.007323492390433688,Mozambique
2016,MOZ,883,2,0.0022650056625141564,Mozambique
2017,MOZ,5892,10,0.0016972165648336728,Mozambique
2018,MOZ,910,0,0,Mozambique
2019,MOZ,7010,8,0.0011412268188302425,Mozambique
2020,MOZ,3787,4,0.0010562450488513335,Mozambique
2021,MOZ,5072,21,0.004140378548895899,Mozambique
2022,MOZ,4388,22,0.005013673655423883,Mozambique
2023,MOZ,39101,156,0.003989667783432649,Mozambique
1971,MRT,1139,53,0.046532045654082525,Mauritania
1972,MRT,148,24,0.16216216216216217,Mauritania
1973,MRT,150,22,0.14666666666666667,Mauritania
1984,MRT,166,15,0.09036144578313253,Mauritania
1985,MRT,259,20,0.07722007722007722,Mauritania
1986,MRT,3734,113,0.03026245313336904,Mauritania
1987,MRT,1578,101,0.06400506970849176,Mauritania
1988,MRT,575,38,0.06608695652173913,Mauritania
1989,MRT,700,27,0.03857142857142857,Mauritania
1996,MRT,4534,148,0.032642258491398325,Mauritania
1997,MRT,462,7,0.015151515151515152,Mauritania
2002,MRT,80,0,0,Mauritania
2003,MRT,34,8,0.23529411764705882,Mauritania
2005,MRT,4132,70,0.016940948693126814,Mauritania
2006,MRT,25,0,0,Mauritania
2007,MRT,3,0,0,Mauritania
2011,MRT,46,3,0.06521739130434782,Mauritania
2012,MRT,0,,,Mauritania
2013,MRT,0,,,Mauritania
2015,MRT,0,,,Mauritania
2016,MRT,0,,,Mauritania
2017,MRT,0,,,Mauritania
2018,MRT,0,0,,Mauritania
2019,MRT,0,,,Mauritania
2020,MRT,0,,,Mauritania
2021,MRT,0,,,Mauritania
2022,MRT,0,0,,Mauritania
2023,MRT,0,0,,Mauritania
2005,MUS,0,0,,Mauritius
2006,MUS,0,0,,Mauritius
2015,MUS,0,,,Mauritius
2016,MUS,0,,,Mauritius
2017,MUS,0,,,Mauritius
2018,MUS,0,0,,Mauritius
2019,MUS,0,,,Mauritius
2020,MUS,0,,,Mauritius
2021,MUS,0,,,Mauritius
2023,MUS,0,0,,Mauritius
1973,MWI,371,20,0.05390835579514825,Malawi
1976,MWI,19,0,0,Malawi
1977,MWI,577,0,0,Malawi
1978,MWI,263,24,0.09125475285171103,Malawi
1981,MWI,261,0,0,Malawi
1983,MWI,487,49,0.10061601642710473,Malawi
1988,MWI,6,0,0,Malawi
1989,MWI,8351,16,0.0019159382109926954,Malawi
1990,MWI,13457,481,0.03574347923014045,Malawi
1991,MWI,8088,245,0.0302917903066271,Malawi
1992,MWI,298,8,0.026845637583892617,Malawi
1993,MWI,25193,524,0.02079942841265431,Malawi
1994,MWI,107,11,0.102803738317757,Malawi
1995,MWI,1,0,0,Malawi
1996,MWI,1,0,0,Malawi
1997,MWI,130,15,0.11538461538461539,Malawi
1998,MWI,1745,74,0.042406876790830945,Malawi
1999,MWI,26508,648,0.02444545043005885,Malawi
2000,MWI,2391,56,0.02342116269343371,Malawi
2001,MWI,2395,42,0.01753653444676409,Malawi
2002,MWI,32618,911,0.027929364154761174,Malawi
2003,MWI,2736,34,0.012426900584795321,Malawi
2004,MWI,675,4,0.005925925925925926,Malawi
2005,MWI,1105,11,0.009954751131221719,Malawi
2006,MWI,4148,55,0.01325940212150434,Malawi
2007,MWI,475,5,0.010526315789473684,Malawi
2008,MWI,831,26,0.031287605294825514,Malawi
2009,MWI,5751,125,0.021735350373848026,Malawi
2010,MWI,1155,17,0.01471861471861472,Malawi
2011,MWI,120,4,0.03333333333333333,Malawi
2012,MWI,187,2,0.0106951871657754,Malawi
2015,MWI,693,11,0.015873015873015872,Malawi
2016,MWI,1792,46,0.025669642857142856,Malawi
2017,MWI,344,5,0.014534883720930232,Malawi
2018,MWI,812,27,0.0332512315270936,Malawi
2019,MWI,23,0,0,Malawi
2020,MWI,3,0,0,Malawi
2021,MWI,2,0,0,Malawi
2022,MWI,17488,576,0.03293687099725526,Malawi
2023,MWI,32530,817,0.025115278204734092,Malawi
1954,MYS,1,0,0,Malaysia
1963,MYS,349,24,0.06876790830945559,Malaysia
1964,MYS,512,143,0.279296875,Malaysia
1965,MYS,16,1,0.0625,Malaysia
1966,MYS,5,0,0,Malaysia
1968,MYS,15,3,0.2,Malaysia
1969,MYS,70,,,Malaysia
1970,MYS,106,3,0.02830188679245283,Malaysia
1971,MYS,53,1,0.018867924528301886,Malaysia
1972,MYS,864,11,0.01273148148148148,Malaysia
1973,MYS,369,17,0.04607046070460705,Malaysia
1974,MYS,349,0,0,Malaysia
1975,MYS,110,8,0.07272727272727272,Malaysia
1976,MYS,246,4,0.016260162601626018,Malaysia
1977,MYS,444,12,0.02702702702702703,Malaysia
1978,MYS,1635,64,0.03914373088685015,Malaysia
1979,MYS,502,10,0.0199203187250996,Malaysia
1980,MYS,97,7,0.07216494845360824,Malaysia
1981,MYS,469,14,0.029850746268656716,Malaysia
1982,MYS,516,17,0.03294573643410853,Malaysia
1983,MYS,2195,38,0.017312072892938495,Malaysia
1984,MYS,67,1,0.014925373134328358,Malaysia
1985,MYS,52,2,0.038461538461538464,Malaysia
1986,MYS,55,2,0.03636363636363636,Malaysia
1987,MYS,1168,18,0.015410958904109588,Malaysia
1988,MYS,1324,32,0.02416918429003021,Malaysia
1989,MYS,393,14,0.035623409669211195,Malaysia
1990,MYS,2071,38,0.01834862385321101,Malaysia
1991,MYS,506,6,0.011857707509881422,Malaysia
1992,MYS,474,8,0.016877637130801686,Malaysia
1993,MYS,995,13,0.01306532663316583,Malaysia
1994,MYS,534,0,0,Malaysia
1995,MYS,2209,27,0.012222725215029425,Malaysia
1996,MYS,1486,0,0,Malaysia
1997,MYS,389,4,0.010282776349614395,Malaysia
1998,MYS,1304,19,0.014570552147239263,Malaysia
1999,MYS,535,0,0,Malaysia
2000,MYS,124,1,0.008064516129032258,Malaysia
2001,MYS,557,11,0.019748653500897665,Malaysia
2004,MYS,16,0,0,Malaysia
2006,MYS,237,2,0.008438818565400843,Malaysia
2007,MYS,0,0,,Malaysia
2009,MYS,187,1,0.0053475935828877,Malaysia
2010,MYS,443,6,0.013544018058690745,Malaysia
2011,MYS,586,10,0.017064846416382253,Malaysia
2012,MYS,282,1,0.0035460992907801418,Malaysia
2013,MYS,171,1,0.005847953216374269,Malaysia
2014,MYS,134,1,0.007462686567164179,Malaysia
2015,MYS,244,2,0.00819672131147541,Malaysia
2016,MYS,0,,,Malaysia
2017,MYS,2,0,0,Malaysia
2018,MYS,165,1,0.006060606060606061,Malaysia
2019,MYS,81,2,0.024691358024691357,Malaysia
2020,MYS,0,,,Malaysia
2021,MYS,64,0,0,Malaysia
2023,MYS,48,0,0,Malaysia
2005,NAM,0,0,,Namibia
2006,NAM,185,5,0.02702702702702703,Namibia
2007,NAM,14,0,0,Namibia
2008,NAM,3496,38,0.010869565217391304,Namibia
2009,NAM,159,3,0.018867924528301886,Namibia
2011,NAM,0,,,Namibia
2012,NAM,0,,,Namibia
2013,NAM,3,0,0,Namibia
2014,NAM,485,13,0.026804123711340205,Namibia
2015,NAM,0,,,Namibia
2016,NAM,0,,,Namibia
2020,NAM,0,0,,Namibia
2021,NAM,0,0,,Namibia
2023,NAM,0,0,,Namibia
1970,NER,16,8,0.5,Niger
1971,NER,9265,2344,0.25299514301133297,Niger
1972,NER,51,12,0.23529411764705882,Niger
1973,NER,121,16,0.1322314049586777,Niger
1974,NER,286,75,0.26223776223776224,Niger
1981,NER,7,0,0,Niger
1984,NER,3788,308,0.08130939809926083,Niger
1989,NER,166,22,0.13253012048192772,Niger
1991,NER,3238,367,0.11334156886967264,Niger
1994,NER,732,83,0.1133879781420765,Niger
1995,NER,264,15,0.056818181818181816,Niger
1996,NER,3957,206,0.052059641142279504,Niger
1997,NER,259,13,0.05019305019305019,Niger
1999,NER,1186,85,0.07166947723440135,Niger
2000,NER,225,38,0.1688888888888889,Niger
2001,NER,81,1,0.012345679012345678,Niger
2002,NER,236,12,0.05084745762711865,Niger
2003,NER,292,11,0.03767123287671233,Niger
2004,NER,2178,57,0.026170798898071626,Niger
2005,NER,553,55,0.09945750452079566,Niger
2006,NER,1232,81,0.06574675324675325,Niger
2007,NER,24,2,0.08333333333333333,Niger
2008,NER,972,70,0.0720164609053498,Niger
2010,NER,1154,66,0.05719237435008666,Niger
2011,NER,2324,60,0.025817555938037865,Niger
2012,NER,5284,110,0.020817562452687358,Niger
2013,NER,585,13,0.022222222222222223,Niger
2014,NER,2059,80,0.03885381253035454,Niger
2015,NER,51,4,0.0784313725490196,Niger
2016,NER,38,6,0.15789473684210525,Niger
2018,NER,3900,78,0.02,Niger
2019,NER,0,0,,Niger
2020,NER,0,,,Niger
2021,NER,5591,166,0.029690574137005904,Niger
2023,NER,0,0,,Niger
1970,NGA,15,4,0.26666666666666666,Nigeria
1971,NGA,22931,2945,0.12842876455453317,Nigeria
1972,NGA,1363,96,0.07043286867204696,Nigeria
1973,NGA,157,27,0.17197452229299362,Nigeria
1975,NGA,38,1,0.02631578947368421,Nigeria
1976,NGA,112,25,0.22321428571428573,Nigeria
1977,NGA,376,10,0.026595744680851064,Nigeria
1978,NGA,197,20,0.10152284263959391,Nigeria
1979,NGA,293,4,0.013651877133105802,Nigeria
1980,NGA,138,25,0.18115942028985507,Nigeria
1981,NGA,107,18,0.16822429906542055,Nigeria
1982,NGA,248,18,0.07258064516129033,Nigeria
1983,NGA,178,2,0.011235955056179775,Nigeria
1984,NGA,1667,185,0.11097780443911218,Nigeria
1985,NGA,30,0,0,Nigeria
1986,NGA,91,23,0.25274725274725274,Nigeria
1987,NGA,1290,111,0.08604651162790698,Nigeria
1988,NGA,137,10,0.072992700729927,Nigeria
1989,NGA,1078,61,0.05658627087198516,Nigeria
1991,NGA,59478,7654,0.12868623692793973,Nigeria
1992,NGA,8687,686,0.0789685737308622,Nigeria
1993,NGA,4160,266,0.06394230769230769,Nigeria
1994,NGA,2859,313,0.10947883875480938,Nigeria
1995,NGA,1059,87,0.0821529745042493,Nigeria
1996,NGA,12374,1193,0.09641183125909164,Nigeria
1997,NGA,1322,134,0.10136157337367625,Nigeria
1998,NGA,3464,187,0.053983833718244806,Nigeria
1999,NGA,26358,2085,0.07910311859776918,Nigeria
2000,NGA,2799,43,0.015362629510539478,Nigeria
2001,NGA,2312,119,0.051470588235294115,Nigeria
2002,NGA,5429,154,0.028366181617240745,Nigeria
2003,NGA,1933,87,0.04500775995861355,Nigeria
2004,NGA,3186,185,0.05806654111738858,Nigeria
2005,NGA,4477,174,0.03886531159258432,Nigeria
2006,NGA,2028,127,0.0626232741617357,Nigeria
2007,NGA,1661,48,0.028898254063816978,Nigeria
2008,NGA,5410,247,0.04565619223659889,Nigeria
2009,NGA,13691,431,0.0314805346578044,Nigeria
2010,NGA,44456,1712,0.03850998740327515,Nigeria
2011,NGA,23377,742,0.03174059973478205,Nigeria
2012,NGA,597,18,0.03015075376884422,Nigeria
2013,NGA,6600,229,0.0346969696969697,Nigeria
2014,NGA,35996,755,0.020974552728080898,Nigeria
2015,NGA,5290,186,0.03516068052930057,Nigeria
2016,NGA,768,32,0.041666666666666664,Nigeria
2017,NGA,12174,288,0.02365697387875801,Nigeria
2018,NGA,45037,836,0.01856251526522637,Nigeria
2019,NGA,2486,43,0.01729686242960579,Nigeria
2020,NGA,596,47,0.07885906040268456,Nigeria
2021,NGA,111062,3604,0.03245034305162882,Nigeria
2022,NGA,23839,597,0.025042996769998743,Nigeria
2023,NGA,3457,109,0.031530228521839745,Nigeria
1991,NIC,1,0,0,Nicaragua
1992,NIC,3067,46,0.014998369742419302,Nicaragua
1993,NIC,6631,220,0.033177499622982956,Nicaragua
1994,NIC,7821,134,0.017133358905510803,Nicaragua
1995,NIC,8825,164,0.01858356940509915,Nicaragua
1996,NIC,2813,107,0.038037682189832916,Nicaragua
1997,NIC,1283,36,0.028059236165237724,Nicaragua
1998,NIC,1437,29,0.020180932498260265,Nicaragua
1999,NIC,552,7,0.012681159420289856,Nicaragua
2000,NIC,12,0,0,Nicaragua
2015,NIC,0,,,Nicaragua
2016,NIC,0,,,Nicaragua
2017,NIC,0,,,Nicaragua
2018,NIC,0,,,Nicaragua
2019,NIC,0,,,Nicaragua
2020,NIC,0,,,Nicaragua
2021,NIC,0,,,Nicaragua
2015,NIU,0,,,Niue
2016,NIU,0,,,Niue
2017,NIU,0,,,Niue
2018,NIU,0,0,,Niue
2019,NIU,0,,,Niue
2020,NIU,0,0,,Niue
2021,NIU,0,0,,Niue
2023,NIU,0,0,,Niue
1976,NLD,1,1,1,Netherlands
1977,NLD,1,0,0,Netherlands
1978,NLD,4,0,0,Netherlands
1979,NLD,5,0,0,Netherlands
1981,NLD,2,,,Netherlands
1983,NLD,2,0,0,Netherlands
1985,NLD,1,,,Netherlands
1988,NLD,1,0,0,Netherlands
1990,NLD,3,0,0,Netherlands
1993,NLD,3,0,0,Netherlands
1994,NLD,1,0,0,Netherlands
1995,NLD,9,0,0,Netherlands
1996,NLD,3,0,0,Netherlands
1997,NLD,2,0,0,Netherlands
1998,NLD,4,0,0,Netherlands
1999,NLD,2,0,0,Netherlands
2000,NLD,1,,,Netherlands
2002,NLD,1,,,Netherlands
2003,NLD,1,0,0,Netherlands
2004,NLD,1,0,0,Netherlands
2005,NLD,4,0,0,Netherlands
2006,NLD,3,0,0,Netherlands
2008,NLD,5,0,0,Netherlands
2015,NLD,0,,,Netherlands
2016,NLD,1,0,0,Netherlands
2017,NLD,0,,,Netherlands
2018,NLD,0,,,Netherlands
2019,NLD,0,,,Netherlands
2020,NLD,2,0,0,Netherlands
2021,NLD,0,,,Netherlands
2022,NLD,2,0,0,Netherlands
1987,NOR,1,0,0,Norway
1989,NOR,1,0,0,Norway
1995,NOR,1,0,0,Norway
1998,NOR,2,0,0,Norway
2005,NOR,1,0,0,Norway
2006,NOR,1,0,0,Norway
2007,NOR,1,0,0,Norway
2015,NOR,1,0,0,Norway
2016,NOR,0,,,Norway
2017,NOR,0,,,Norway
2018,NOR,0,,,Norway
2019,NOR,0,,,Norway
2020,NOR,0,,,Norway
2021,NOR,0,,,Norway
2022,NOR,3,0,0,Norway
1958,NPL,2706,384,0.1419068736141907,Nepal
1965,NPL,727,97,0.13342503438789546,Nepal
1966,NPL,2,0,0,Nepal
1968,NPL,34,17,0.5,Nepal
1969,NPL,226,6,0.02654867256637168,Nepal
1970,NPL,391,1,0.0025575447570332483,Nepal
1971,NPL,4,0,0,Nepal
1972,NPL,1,0,0,Nepal
1973,NPL,7,0,0,Nepal
1974,NPL,8,0,0,Nepal
1975,NPL,260,0,0,Nepal
1976,NPL,185,1,0.005405405405405406,Nepal
1977,NPL,428,4,0.009345794392523364,Nepal
1978,NPL,1662,10,0.006016847172081829,Nepal
1979,NPL,22,0,0,Nepal
1980,NPL,1,0,0,Nepal
1981,NPL,24,0,0,Nepal
1989,NPL,141,2,0.014184397163120567,Nepal
1990,NPL,23888,495,0.020721701272605492,Nepal
1991,NPL,30648,873,0.028484729835552076,Nepal
1992,NPL,798,15,0.018796992481203006,Nepal
1993,NPL,31,0,0,Nepal
1994,NPL,32,0,0,Nepal
1995,NPL,157,0,0,Nepal
1996,NPL,274,1,0.0036496350364963502,Nepal
1997,NPL,245,0,0,Nepal
1998,NPL,1745,17,0.009742120343839542,Nepal
2007,NPL,264,0,0,Nepal
2009,NPL,82,0,0,Nepal
2010,NPL,1790,9,0.005027932960893855,Nepal
2011,NPL,12,,,Nepal
2012,NPL,34,0,0,Nepal
2014,NPL,933,2,0.0021436227224008574,Nepal
2015,NPL,80,0,0,Nepal
2016,NPL,169,0,0,Nepal
2017,NPL,7,0,0,Nepal
2018,NPL,7,0,0,Nepal
2020,NPL,0,0,,Nepal
2021,NPL,1609,7,0.00435052827843381,Nepal
2022,NPL,77,0,0,Nepal
2023,NPL,7,0,0,Nepal
1978,NRU,38,0,0,Nauru
1979,NRU,50,0,0,Nauru
2015,NRU,0,,,Nauru
2016,NRU,0,,,Nauru
2017,NRU,0,0,,Nauru
2018,NRU,0,0,,Nauru
2019,NRU,0,,,Nauru
2020,NRU,0,0,,Nauru
2021,NRU,0,0,,Nauru
2023,NRU,0,0,,Nauru
1972,NZL,3,1,0.3333333333333333,New Zealand
1980,NZL,1,,,New Zealand
1987,NZL,2,0,0,New Zealand
1990,NZL,5,0,0,New Zealand
1994,NZL,2,0,0,New Zealand
1995,NZL,2,0,0,New Zealand
1998,NZL,1,0,0,New Zealand
1999,NZL,1,0,0,New Zealand
2001,NZL,1,,,New Zealand
2005,NZL,1,0,0,New Zealand
2015,NZL,0,,,New Zealand
2016,NZL,0,,,New Zealand
2017,NZL,0,0,,New Zealand
2018,NZL,1,0,0,New Zealand
2019,NZL,0,0,,New Zealand
2020,NZL,0,0,,New Zealand
2021,NZL,0,0,,New Zealand
2022,NZL,1,0,0,New Zealand
2023,NZL,1,0,0,New Zealand
1971,OMN,9,8,0.8888888888888888,Oman
2001,OMN,7,,,Oman
2002,OMN,1,,,Oman
2015,OMN,1,0,0,Oman
2016,OMN,0,,,Oman
2017,OMN,0,0,,Oman
2018,OMN,1,0,0,Oman
2019,OMN,4,0,0,Oman
2020,OMN,0,0,,Oman
2021,OMN,5,0,0,Oman
2023,OMN,0,0,,Oman
1958,PAK,366,86,0.23497267759562843,Pakistan
1960,PAK,6704,1107,0.1651252983293556,Pakistan
1965,PAK,21,1,0.047619047619047616,Pakistan
1968,PAK,3932,55,0.013987792472024415,Pakistan
1969,PAK,717,17,0.023709902370990237,Pakistan
1970,PAK,2,0,0,Pakistan
1971,PAK,1185,43,0.036286919831223625,Pakistan
1976,PAK,144,,,Pakistan
1977,PAK,12,1,0.08333333333333333,Pakistan
1981,PAK,4,0,0,Pakistan
1993,PAK,12092,206,0.017036056897122065,Pakistan
2010,PAK,164,0,0,Pakistan
2011,PAK,527,219,0.4155597722960152,Pakistan
2012,PAK,144,8,0.05555555555555555,Pakistan
2013,PAK,1069,23,0.021515434985968196,Pakistan
2014,PAK,1218,6,0.0049261083743842365,Pakistan
2020,PAK,21,,,Pakistan
2021,PAK,21,,,Pakistan
2022,PAK,1006,43,0.042743538767395624,Pakistan
2023,PAK,200,0,0,Pakistan
1991,PAN,1178,29,0.02461799660441426,Panama
1992,PAN,2416,49,0.020281456953642384,Panama
1993,PAN,42,4,0.09523809523809523,Panama
2015,PAN,0,,,Panama
2016,PAN,0,,,Panama
2017,PAN,0,,,Panama
2018,PAN,0,,,Panama
2019,PAN,0,,,Panama
2020,PAN,0,,,Panama
2021,PAN,0,,,Panama
1991,PER,322562,2909,0.009018421264749103,Peru
1992,PER,242237,801,0.003306678996189682,Peru
1993,PER,72404,575,0.007941550190597205,Peru
1994,PER,23887,199,0.00833089127977561,Peru
1995,PER,22397,171,0.007634951109523597,Peru
1996,PER,4518,21,0.004648074369189907,Peru
1997,PER,3483,29,0.008326155612977318,Peru
1998,PER,41717,568,0.013615552412685476,Peru
1999,PER,1546,6,0.0038809831824062097,Peru
2000,PER,934,6,0.006423982869379015,Peru
2001,PER,494,0,0,Peru
2002,PER,16,0,0,Peru
2015,PER,0,,,Peru
2016,PER,0,,,Peru
2017,PER,0,,,Peru
2018,PER,0,,,Peru
2019,PER,0,,,Peru
2020,PER,0,,,Peru
2021,PER,0,,,Peru
1961,PHL,9923,1405,0.14159024488561928,Philippines
1962,PHL,13015,1682,0.1292354975028813,Philippines
1963,PHL,3979,433,0.1088213118874089,Philippines
1964,PHL,16464,1518,0.09220116618075802,Philippines
1965,PHL,4581,448,0.09779524121370879,Philippines
1966,PHL,5261,273,0.0518912754229234,Philippines
1967,PHL,1629,52,0.03192142418661756,Philippines
1968,PHL,2787,89,0.031933979189092215,Philippines
1969,PHL,1541,106,0.06878650227125244,Philippines
1970,PHL,1095,38,0.034703196347031964,Philippines
1971,PHL,3585,109,0.030404463040446306,Philippines
1972,PHL,5601,78,0.013926084627745045,Philippines
1973,PHL,2840,447,0.1573943661971831,Philippines
1974,PHL,1730,33,0.01907514450867052,Philippines
1975,PHL,680,15,0.022058823529411766,Philippines
1976,PHL,1258,160,0.1271860095389507,Philippines
1977,PHL,1363,180,0.13206162876008803,Philippines
1978,PHL,1408,122,0.08664772727272728,Philippines
1979,PHL,1268,408,0.3217665615141956,Philippines
1980,PHL,836,61,0.0729665071770335,Philippines
1981,PHL,864,51,0.059027777777777776,Philippines
1982,PHL,930,31,0.03333333333333333,Philippines
1985,PHL,10,1,0.1,Philippines
1992,PHL,345,0,0,Philippines
1993,PHL,708,10,0.014124293785310734,Philippines
1994,PHL,3340,27,0.008083832335329342,Philippines
1995,PHL,847,4,0.004722550177095631,Philippines
1996,PHL,1402,14,0.009985734664764621,Philippines
1997,PHL,605,0,0,Philippines
1998,PHL,729,17,0.023319615912208505,Philippines
1999,PHL,330,0,0,Philippines
2000,PHL,275,6,0.02181818181818182,Philippines
2001,PHL,174,,,Philippines
2004,PHL,533,3,0.005628517823639775,Philippines
2005,PHL,139,2,0.014388489208633094,Philippines
2006,PHL,66,1,0.015151515151515152,Philippines
2007,PHL,0,0,,Philippines
2010,PHL,33,2,0.06060606060606061,Philippines
2011,PHL,120,3,0.025,Philippines
2012,PHL,1864,14,0.0075107296137339056,Philippines
2013,PHL,6,0,0,Philippines
2014,PHL,4547,8,0.0017594018033868484,Philippines
2016,PHL,124,0,0,Philippines
2017,PHL,134,2,0.014925373134328358,Philippines
2018,PHL,2102,6,0.0028544243577545195,Philippines
2019,PHL,5491,8,0.0014569295210344199,Philippines
2020,PHL,3,0,0,Philippines
2021,PHL,2019,13,0.0064388311045071814,Philippines
2022,PHL,8098,100,0.012348728081007657,Philippines
2023,PHL,3982,19,0.004771471622300351,Philippines
2017,PLW,0,0,,Palau
2018,PLW,0,0,,Palau
2020,PLW,0,0,,Palau
2021,PLW,0,0,,Palau
2023,PLW,0,0,,Palau
1962,PNG,1293,464,0.3588553750966744,Papua New Guinea
2005,PNG,0,0,,Papua New Guinea
2009,PNG,1957,45,0.022994379151762903,Papua New Guinea
2010,PNG,8997,95,0.010559075247304657,Papua New Guinea
2011,PNG,1535,2,0.0013029315960912053,Papua New Guinea
2015,PNG,0,,,Papua New Guinea
2016,PNG,0,,,Papua New Guinea
2017,PNG,0,0,,Papua New Guinea
2018,PNG,0,,,Papua New Guinea
2019,PNG,0,0,,Papua New Guinea
2020,PNG,0,0,,Papua New Guinea
2021,PNG,0,0,,Papua New Guinea
2023,PNG,0,0,,Papua New Guinea
1981,POL,1,,,Poland
1994,POL,1,0,0,Poland
2005,POL,1,0,0,Poland
2015,POL,0,,,Poland
2016,POL,0,,,Poland
2017,POL,0,,,Poland
2018,POL,0,,,Poland
2019,POL,0,,,Poland
2020,POL,0,,,Poland
2021,POL,0,,,Poland
1980,PRK,170,0,0,North Korea
1996,PRK,7,,,North Korea
2015,PRK,0,,,North Korea
2016,PRK,0,,,North Korea
2017,PRK,0,0,,North Korea
2018,PRK,0,0,,North Korea
2019,PRK,0,0,,North Korea
2020,PRK,0,0,,North Korea
2021,PRK,0,,,North Korea
2023,PRK,0,0,,North Korea
1971,PRT,64,4,0.0625,Portugal
1974,PRT,2467,48,0.019456830158086746,Portugal
1975,PRT,1066,8,0.0075046904315197,Portugal
1994,PRT,1,0,0,Portugal
1995,PRT,1,0,0,Portugal
2015,PRT,0,,,Portugal
2016,PRT,0,,,Portugal
2017,PRT,0,,,Portugal
2018,PRT,0,,,Portugal
2019,PRT,0,,,Portugal
2020,PRT,0,,,Portugal
2021,PRT,0,,,Portugal
1993,PRY,3,0,0,Paraguay
1996,PRY,4,0,0,Paraguay
2009,PRY,5,0,0,Paraguay
2015,PRY,0,,,Paraguay
2016,PRY,0,,,Paraguay
2017,PRY,0,,,Paraguay
2018,PRY,0,,,Paraguay
2019,PRY,0,,,Paraguay
2020,PRY,0,,,Paraguay
2021,PRY,0,,,Paraguay
2015,PSE,0,,,Palestinian Territories
2016,PSE,0,,,Palestinian Territories
2017,PSE,0,,,Palestinian Territories
2018,PSE,0,0,,Palestinian Territories
2019,PSE,0,,,Palestinian Territories
2020,PSE,0,0,,Palestinian Territories
2021,PSE,0,0,,Palestinian Territories
2023,PSE,0,0,,Palestinian Territories
2002,QAT,1,,,Qatar
2004,QAT,1,0,0,Qatar
2005,QAT,2,0,0,Qatar
2015,QAT,0,,,Qatar
2016,QAT,0,,,Qatar
2017,QAT,5,0,0,Qatar
2018,QAT,0,,,Qatar
2019,QAT,0,0,,Qatar
2020,QAT,0,0,,Qatar
2021,QAT,0,,,Qatar
2023,QAT,3,0,0,Qatar
1990,ROU,270,1,0.003703703703703704,Romania
1991,ROU,226,9,0.03982300884955752,Romania
1992,ROU,3,0,0,Romania
1993,ROU,15,0,0,Romania
1994,ROU,80,4,0.05,Romania
1995,ROU,118,3,0.025423728813559324,Romania
2015,ROU,0,,,Romania
2016,ROU,0,,,Romania
2017,ROU,0,,,Romania
2018,ROU,0,,,Romania
2019,ROU,0,,,Romania
2020,ROU,0,,,Romania
2021,ROU,0,,,Romania
1970,RUS,720,0,0,Russia
1976,RUS,1,0,0,Russia
1977,RUS,1,0,0,Russia
1990,RUS,49,0,0,Russia
1991,RUS,78,0,0,Russia
1992,RUS,6,,,Russia
1993,RUS,23,2,0.08695652173913043,Russia
1994,RUS,1048,15,0.01431297709923664,Russia
1995,RUS,9,0,0,Russia
1996,RUS,4,1,0.25,Russia
1997,RUS,11,0,0,Russia
1998,RUS,10,0,0,Russia
1999,RUS,8,0,0,Russia
2001,RUS,53,0,0,Russia
2004,RUS,1,0,0,Russia
2006,RUS,1,0,0,Russia
2007,RUS,1,,,Russia
2010,RUS,3,0,0,Russia
2012,RUS,1,0,0,Russia
2014,RUS,1,0,0,Russia
2015,RUS,0,,,Russia
2016,RUS,0,,,Russia
2017,RUS,0,,,Russia
2018,RUS,0,,,Russia
2019,RUS,0,,,Russia
2020,RUS,0,,,Russia
2021,RUS,0,,,Russia
1978,RWA,838,48,0.057279236276849645,Rwanda
1979,RWA,5,0,0,Rwanda
1980,RWA,30,4,0.13333333333333333,Rwanda
1981,RWA,24,1,0.041666666666666664,Rwanda
1982,RWA,201,2,0.009950248756218905,Rwanda
1983,RWA,54,5,0.09259259259259259,Rwanda
1984,RWA,161,13,0.08074534161490683,Rwanda
1985,RWA,21,0,0,Rwanda
1986,RWA,226,7,0.030973451327433628,Rwanda
1987,RWA,101,6,0.0594059405940594,Rwanda
1988,RWA,70,3,0.04285714285714286,Rwanda
1989,RWA,1,0,0,Rwanda
1991,RWA,679,35,0.05154639175257732,Rwanda
1992,RWA,503,35,0.06958250497017893,Rwanda
1993,RWA,568,34,0.05985915492957746,Rwanda
1994,RWA,10,0,0,Rwanda
1995,RWA,3,0,0,Rwanda
1996,RWA,106,10,0.09433962264150944,Rwanda
1997,RWA,274,16,0.058394160583941604,Rwanda
1998,RWA,3220,74,0.02298136645962733,Rwanda
1999,RWA,327,49,0.14984709480122324,Rwanda
2000,RWA,1235,8,0.006477732793522267,Rwanda
2001,RWA,157,2,0.012738853503184714,Rwanda
2003,RWA,12,0,0,Rwanda
2004,RWA,586,0,0,Rwanda
2005,RWA,89,0,0,Rwanda
2006,RWA,405,21,0.05185185185185185,Rwanda
2007,RWA,1453,21,0.014452856159669649,Rwanda
2008,RWA,23,0,0,Rwanda
2009,RWA,67,0,0,Rwanda
2011,RWA,0,,,Rwanda
2012,RWA,9,0,0,Rwanda
2014,RWA,0,,,Rwanda
2015,RWA,0,,,Rwanda
2016,RWA,355,0,0,Rwanda
2018,RWA,0,0,,Rwanda
2021,RWA,74,0,0,Rwanda
2022,RWA,24,0,0,Rwanda
2023,RWA,207,1,0.004830917874396135,Rwanda
1970,SAU,266,14,0.05263157894736842,Saudi Arabia
1972,SAU,303,0,0,Saudi Arabia
1975,SAU,91,48,0.5274725274725275,Saudi Arabia
1976,SAU,50,0,0,Saudi Arabia
1977,SAU,18,0,0,Saudi Arabia
1978,SAU,30,1,0.03333333333333333,Saudi Arabia
1979,SAU,23,0,0,Saudi Arabia
1980,SAU,2,0,0,Saudi Arabia
1981,SAU,13,0,0,Saudi Arabia
1986,SAU,74,3,0.04054054054054054,Saudi Arabia
2002,SAU,38,,,Saudi Arabia
2015,SAU,0,,,Saudi Arabia
2016,SAU,0,,,Saudi Arabia
2017,SAU,5,0,0,Saudi Arabia
2018,SAU,0,0,,Saudi Arabia
2019,SAU,0,,,Saudi Arabia
2020,SAU,0,0,,Saudi Arabia
2021,SAU,0,,,Saudi Arabia
2023,SAU,1,0,0,Saudi Arabia
1976,SCG,3,1,0.3333333333333333,Serbia and Montenegro
1981,SCG,2,0,0,Serbia and Montenegro
1989,SCG,4,0,0,Serbia and Montenegro
1994,SCG,2,0,0,Serbia and Montenegro
1979,SDN,845,176,0.20828402366863905,Sudan
1980,SDN,17,2,0.11764705882352941,Sudan
1985,SDN,4457,239,0.053623513574153014,Sudan
1999,SDN,0,0,,Sudan
2006,SDN,30662,1011,0.03297240884482421,Sudan
2007,SDN,13731,500,0.03641395382710655,Sudan
2008,SDN,17241,118,0.006844150571312569,Sudan
2009,SDN,13681,52,0.0038008917476792634,Sudan
2011,SDN,0,0,,Sudan
2012,SDN,0,,,Sudan
2013,SDN,0,0,,Sudan
2014,SDN,0,,,Sudan
2015,SDN,0,,,Sudan
2018,SDN,0,0,,Sudan
2019,SDN,346,11,0.031791907514450865,Sudan
2020,SDN,7,0,0,Sudan
2021,SDN,9,0,0,Sudan
2023,SDN,8895,246,0.027655986509274873,Sudan
1971,SEN,265,60,0.22641509433962265,Senegal
1972,SEN,379,37,0.09762532981530343,Senegal
1978,SEN,315,8,0.025396825396825397,Senegal
1979,SEN,103,3,0.02912621359223301,Senegal
1981,SEN,428,0,0,Senegal
1984,SEN,728,94,0.12912087912087913,Senegal
1985,SEN,2988,474,0.15863453815261044,Senegal
1986,SEN,476,63,0.1323529411764706,Senegal
1987,SEN,3150,288,0.09142857142857143,Senegal
1988,SEN,390,1,0.002564102564102564,Senegal
1995,SEN,3332,160,0.04801920768307323,Senegal
1996,SEN,16107,765,0.04749487800335258,Senegal
1997,SEN,371,11,0.029649595687331536,Senegal
2004,SEN,1227,10,0.008149959250203748,Senegal
2005,SEN,31719,458,0.014439295059743371,Senegal
2006,SEN,365,10,0.0273972602739726,Senegal
2007,SEN,3984,24,0.006024096385542169,Senegal
2008,SEN,1283,20,0.01558846453624318,Senegal
2009,SEN,4,0,0,Senegal
2010,SEN,3,0,0,Senegal
2011,SEN,5,,,Senegal
2012,SEN,1,0,0,Senegal
2017,SEN,0,,,Senegal
2020,SEN,0,,,Senegal
2021,SEN,0,0,,Senegal
2023,SEN,0,0,,Senegal
1953,SGP,0,,,Singapore
1963,SGP,27,2,0.07407407407407407,Singapore
1964,SGP,24,3,0.125,Singapore
1968,SGP,6,0,0,Singapore
1969,SGP,11,4,0.36363636363636365,Singapore
1972,SGP,114,3,0.02631578947368421,Singapore
1973,SGP,1,0,0,Singapore
1974,SGP,8,0,0,Singapore
1975,SGP,10,0,0,Singapore
1977,SGP,11,0,0,Singapore
1978,SGP,83,0,0,Singapore
1979,SGP,10,0,0,Singapore
1980,SGP,18,0,0,Singapore
1981,SGP,34,0,0,Singapore
1982,SGP,31,0,0,Singapore
1983,SGP,14,0,0,Singapore
1984,SGP,40,8,0.2,Singapore
1985,SGP,27,1,0.037037037037037035,Singapore
1986,SGP,27,0,0,Singapore
1987,SGP,63,0,0,Singapore
1988,SGP,19,0,0,Singapore
1989,SGP,39,0,0,Singapore
1990,SGP,26,0,0,Singapore
1991,SGP,34,2,0.058823529411764705,Singapore
1992,SGP,17,0,0,Singapore
1993,SGP,24,0,0,Singapore
1994,SGP,41,1,0.024390243902439025,Singapore
1995,SGP,14,0,0,Singapore
1996,SGP,19,1,0.05263157894736842,Singapore
1997,SGP,19,0,0,Singapore
1998,SGP,31,2,0.06451612903225806,Singapore
1999,SGP,11,0,0,Singapore
2000,SGP,10,0,0,Singapore
2001,SGP,8,0,0,Singapore
2002,SGP,2,,,Singapore
2003,SGP,1,0,0,Singapore
2004,SGP,11,1,0.09090909090909091,Singapore
2011,SGP,2,,,Singapore
2012,SGP,2,0,0,Singapore
2013,SGP,2,0,0,Singapore
2014,SGP,2,0,0,Singapore
2017,SGP,3,0,0,Singapore
2018,SGP,2,0,0,Singapore
2019,SGP,2,0,0,Singapore
2020,SGP,0,0,,Singapore
2022,SGP,7,0,0,Singapore
2015,SLB,0,,,Solomon Islands
2016,SLB,0,,,Solomon Islands
2017,SLB,0,0,,Solomon Islands
2018,SLB,0,0,,Solomon Islands
2019,SLB,0,,,Solomon Islands
2020,SLB,0,0,,Solomon Islands
2021,SLB,0,0,,Solomon Islands
2023,SLB,0,0,,Solomon Islands
1970,SLE,293,74,0.2525597269624573,Sierra Leone
1971,SLE,211,13,0.061611374407582936,Sierra Leone
1977,SLE,12,0,0,Sierra Leone
1986,SLE,8957,669,0.0746901864463548,Sierra Leone
1987,SLE,557,30,0.05385996409335727,Sierra Leone
1994,SLE,9709,623,0.06416726748377793,Sierra Leone
1995,SLE,10285,447,0.043461351482741856,Sierra Leone
1998,SLE,2096,57,0.02719465648854962,Sierra Leone
1999,SLE,863,5,0.005793742757821553,Sierra Leone
2004,SLE,513,42,0.08187134502923976,Sierra Leone
2005,SLE,6,0,0,Sierra Leone
2006,SLE,2560,99,0.038671875,Sierra Leone
2007,SLE,2219,84,0.03785488958990536,Sierra Leone
2008,SLE,62,1,0.016129032258064516,Sierra Leone
2011,SLE,0,,,Sierra Leone
2012,SLE,23124,299,0.012930288877356859,Sierra Leone
2013,SLE,377,32,0.08488063660477453,Sierra Leone
2017,SLE,0,0,,Sierra Leone
2019,SLE,0,0,,Sierra Leone
2020,SLE,0,0,,Sierra Leone
2021,SLE,0,0,,Sierra Leone
2022,SLE,0,0,,Sierra Leone
2023,SLE,0,0,,Sierra Leone
1991,SLV,947,34,0.03590285110876452,El Salvador
1992,SLV,8717,45,0.005162326488470804,El Salvador
1993,SLV,6573,14,0.002129925452609159,El Salvador
1994,SLV,11745,38,0.0032354193273733504,El Salvador
1995,SLV,2923,2,6.842285323297981e-4,El Salvador
1996,SLV,182,2,0.01098901098901099,El Salvador
1998,SLV,8,0,0,El Salvador
1999,SLV,134,0,0,El Salvador
2000,SLV,631,2,0.003169572107765452,El Salvador
2015,SLV,0,,,El Salvador
2016,SLV,0,,,El Salvador
2017,SLV,0,,,El Salvador
2018,SLV,0,,,El Salvador
2019,SLV,0,,,El Salvador
2020,SLV,0,,,El Salvador
2021,SLV,0,,,El Salvador
2016,SMR,0,,,San Marino
2017,SMR,0,,,San Marino
2018,SMR,0,,,San Marino
2019,SMR,0,,,San Marino
2020,SMR,0,,,San Marino
2021,SMR,0,,,San Marino
1970,SOM,43,10,0.23255813953488372,Somalia
1971,SOM,89,10,0.11235955056179775,Somalia
1985,SOM,10199,1589,0.15579958819492107,Somalia
1986,SOM,15980,1945,0.12171464330413016,Somalia
1994,SOM,28334,1206,0.04256370438342627,Somalia
1995,SOM,9255,191,0.02063749324689357,Somalia
1996,SOM,10274,464,0.045162546233210046,Somalia
1997,SOM,6814,252,0.0369826827120634,Somalia
1998,SOM,4417,196,0.044374009508716325,Somalia
1999,SOM,17757,693,0.039026862645717184,Somalia
2000,SOM,7496,563,0.07510672358591249,Somalia
2001,SOM,2567,93,0.0362290611608882,Somalia
2002,SOM,2775,159,0.057297297297297295,Somalia
2003,SOM,11020,56,0.005081669691470054,Somalia
2004,SOM,4490,26,0.005790645879732739,Somalia
2007,SOM,41643,1182,0.028384122181399036,Somalia
2008,SOM,1281,16,0.01249024199843872,Somalia
2009,SOM,208,3,0.014423076923076924,Somalia
2010,SOM,3510,103,0.029344729344729346,Somalia
2011,SOM,77636,1130,0.014555103302591582,Somalia
2012,SOM,22576,200,0.00885896527285613,Somalia
2013,SOM,6864,140,0.020396270396270396,Somalia
2014,SOM,2820,,,Somalia
2015,SOM,7536,84,0.011146496815286623,Somalia
2016,SOM,15619,548,0.03508547282156348,Somalia
2017,SOM,75414,1007,0.013352958336648367,Somalia
2018,SOM,6761,45,0.006655820144948972,Somalia
2019,SOM,3100,4,0.0012903225806451613,Somalia
2020,SOM,6414,44,0.006859993763642033,Somalia
2021,SOM,4342,32,0.007369875633348687,Somalia
2022,SOM,15653,88,0.005621925509486999,Somalia
2023,SOM,18304,46,0.002513111888111888,Somalia
2011,SSD,0,,,S Sudan
2012,SSD,0,,,S Sudan
2013,SSD,0,,,S Sudan
2014,SSD,6421,167,0.02600840990499922,S Sudan
2015,SSD,1818,47,0.02585258525852585,S Sudan
2016,SSD,4295,82,0.01909196740395809,S Sudan
2017,SSD,16088,353,0.0219418199900547,S Sudan
2018,SSD,0,0,,S Sudan
2019,SSD,0,0,,S Sudan
2020,SSD,0,0,,S Sudan
2021,SSD,0,0,,S Sudan
2022,SSD,424,1,0.0023584905660377358,S Sudan
2023,SSD,1471,2,0.0013596193065941536,S Sudan
1989,STP,3953,64,0.016190235264356184,São Tomé & Príncipe
1990,STP,804,9,0.011194029850746268,São Tomé & Príncipe
1991,STP,3,1,0.3333333333333333,São Tomé & Príncipe
2005,STP,1966,33,0.0167853509664293,São Tomé & Príncipe
2006,STP,926,9,0.009719222462203024,São Tomé & Príncipe
2007,STP,90,0,0,São Tomé & Príncipe
2008,STP,119,4,0.03361344537815126,São Tomé & Príncipe
2015,STP,0,,,São Tomé & Príncipe
2016,STP,0,,,São Tomé & Príncipe
2017,STP,0,,,São Tomé & Príncipe
2018,STP,0,0,,São Tomé & Príncipe
2019,STP,0,,,São Tomé & Príncipe
2020,STP,0,,,São Tomé & Príncipe
2021,STP,0,,,São Tomé & Príncipe
2023,STP,0,0,,São Tomé & Príncipe
1992,SUR,12,1,0.08333333333333333,Suriname
2015,SUR,0,,,Suriname
2016,SUR,0,,,Suriname
2017,SUR,0,,,Suriname
2018,SUR,0,,,Suriname
2019,SUR,0,,,Suriname
2020,SUR,0,,,Suriname
2021,SUR,0,,,Suriname
2016,SVK,0,,,Slovakia
2017,SVK,0,,,Slovakia
2018,SVK,0,,,Slovakia
2019,SVK,0,,,Slovakia
2020,SVK,0,,,Slovakia
2021,SVK,0,,,Slovakia
2007,SVN,1,0,0,Slovenia
2015,SVN,0,,,Slovenia
2016,SVN,0,,,Slovenia
2017,SVN,0,,,Slovenia
2018,SVN,0,,,Slovenia
2019,SVN,0,,,Slovenia
2020,SVN,0,,,Slovenia
2021,SVN,0,,,Slovenia
1971,SWE,4,0,0,Sweden
1973,SWE,10,0,0,Sweden
1974,SWE,1,0,0,Sweden
1976,SWE,1,0,0,Sweden
1979,SWE,1,0,0,Sweden
1986,SWE,1,0,0,Sweden
1987,SWE,1,0,0,Sweden
1992,SWE,1,0,0,Sweden
1994,SWE,1,0,0,Sweden
1995,SWE,2,0,0,Sweden
1996,SWE,1,0,0,Sweden
2003,SWE,1,0,0,Sweden
2004,SWE,1,0,0,Sweden
2006,SWE,1,0,0,Sweden
2011,SWE,1,0,0,Sweden
2015,SWE,1,0,0,Sweden
2016,SWE,0,,,Sweden
2017,SWE,0,,,Sweden
2018,SWE,0,,,Sweden
2019,SWE,0,,,Sweden
2020,SWE,0,,,Sweden
2021,SWE,0,,,Sweden
2022,SWE,7,0,0,Sweden
2023,SWE,1,0,0,Sweden
1978,SWZ,2,,,Swaziland
1981,SWZ,238,17,0.07142857142857142,Swaziland
1982,SWZ,538,13,0.024163568773234202,Swaziland
1992,SWZ,2281,30,0.0131521262604121,Swaziland
1996,SWZ,2,0,0,Swaziland
1998,SWZ,7,0,0,Swaziland
1999,SWZ,7,0,0,Swaziland
2000,SWZ,141,16,0.11347517730496454,Swaziland
2001,SWZ,5612,107,0.019066286528866713,Swaziland
2002,SWZ,134,2,0.014925373134328358,Swaziland
2003,SWZ,32,13,0.40625,Swaziland
2004,SWZ,1075,16,0.014883720930232559,Swaziland
2005,SWZ,0,0,,Swaziland
2006,SWZ,18,0,0,Swaziland
2007,SWZ,0,0,,Swaziland
2008,SWZ,1,0,0,Swaziland
2009,SWZ,19,0,0,Swaziland
2015,SWZ,0,0,,Swaziland
2016,SWZ,0,0,,Swaziland
2018,SWZ,0,0,,Swaziland
2019,SWZ,0,0,,Swaziland
2020,SWZ,0,0,,Swaziland
2021,SWZ,0,0,,Swaziland
2022,SWZ,0,0,,Swaziland
2023,SWZ,2,0,0,Swaziland
2005,SYC,0,0,,Seychelles
2006,SYC,0,0,,Seychelles
2007,SYC,178,1,0.0056179775280898875,Seychelles
2008,SYC,0,0,,Seychelles
2015,SYC,0,,,Seychelles
2016,SYC,0,,,Seychelles
2017,SYC,0,,,Seychelles
2018,SYC,0,0,,Seychelles
2019,SYC,0,,,Seychelles
2020,SYC,0,,,Seychelles
2021,SYC,0,0,,Seychelles
2023,SYC,0,0,,Seychelles
1970,SYR,49,0,0,Syria
1971,SYR,5,0,0,Syria
1972,SYR,505,25,0.04950495049504951,Syria
1975,SYR,67,6,0.08955223880597014,Syria
1976,SYR,795,11,0.013836477987421384,Syria
1977,SYR,2362,66,0.0279424216765453,Syria
1979,SYR,689,30,0.04354136429608128,Syria
2017,SYR,0,0,,Syria
2018,SYR,0,0,,Syria
2019,SYR,0,0,,Syria
2020,SYR,0,0,,Syria
2021,SYR,0,0,,Syria
2022,SYR,70222,102,0.0014525362422032981,Syria
2023,SYR,0,0,,Syria
2023,TCA,1,0,0,Turks & Caicos Islands
1971,TCD,8230,2411,0.29295261239368164,Chad
1972,TCD,9,3,0.3333333333333333,Chad
1974,TCD,338,87,0.257396449704142,Chad
1991,TCD,13915,1344,0.09658641753503414,Chad
1994,TCD,1094,43,0.03930530164533821,Chad
1996,TCD,7830,448,0.057215836526181355,Chad
1997,TCD,8801,443,0.05033518918304738,Chad
1998,TCD,4095,144,0.035164835164835165,Chad
1999,TCD,217,18,0.08294930875576037,Chad
2001,TCD,5244,226,0.04309687261632342,Chad
2003,TCD,55,7,0.12727272727272726,Chad
2004,TCD,5531,272,0.04917736394865305,Chad
2005,TCD,90,14,0.15555555555555556,Chad
2006,TCD,1668,71,0.042565947242206234,Chad
2007,TCD,0,0,,Chad
2009,TCD,67,6,0.08955223880597014,Chad
2010,TCD,6395,175,0.027365129007036748,Chad
2011,TCD,17267,458,0.02652458446748132,Chad
2017,TCD,1266,86,0.0679304897314376,Chad
2018,TCD,0,0,,Chad
2019,TCD,93,4,0.043010752688172046,Chad
2020,TCD,0,0,,Chad
2021,TCD,0,0,,Chad
2022,TCD,0,0,,Chad
2023,TCD,0,0,,Chad
1970,TGO,75,3,0.04,Togo
1971,TGO,335,26,0.07761194029850746,Togo
1972,TGO,16,0,0,Togo
1974,TGO,58,8,0.13793103448275862,Togo
1977,TGO,132,12,0.09090909090909091,Togo
1978,TGO,6,6,1,Togo
1988,TGO,1,0,0,Togo
1991,TGO,2396,81,0.03380634390651085,Togo
1992,TGO,753,53,0.0703851261620186,Togo
1993,TGO,19,2,0.10526315789473684,Togo
1994,TGO,47,5,0.10638297872340426,Togo
1995,TGO,65,4,0.06153846153846154,Togo
1996,TGO,146,17,0.11643835616438356,Togo
1997,TGO,42,7,0.16666666666666666,Togo
1998,TGO,3217,221,0.06869754429592788,Togo
1999,TGO,667,31,0.046476761619190406,Togo
2000,TGO,338,23,0.06804733727810651,Togo
2001,TGO,2551,130,0.05096040768326147,Togo
2002,TGO,257,14,0.054474708171206226,Togo
2003,TGO,384,28,0.07291666666666667,Togo
2004,TGO,1080,33,0.030555555555555555,Togo
2005,TGO,1320,15,0.011363636363636364,Togo
2006,TGO,1159,25,0.021570319240724764,Togo
2007,TGO,65,1,0.015384615384615385,Togo
2008,TGO,397,3,0.007556675062972292,Togo
2009,TGO,218,1,0.0045871559633027525,Togo
2010,TGO,72,3,0.041666666666666664,Togo
2011,TGO,4,0,0,Togo
2012,TGO,61,1,0.01639344262295082,Togo
2013,TGO,166,4,0.024096385542168676,Togo
2014,TGO,262,11,0.04198473282442748,Togo
2015,TGO,35,1,0.02857142857142857,Togo
2018,TGO,0,0,,Togo
2019,TGO,0,0,,Togo
2020,TGO,67,2,0.029850746268656716,Togo
2021,TGO,40,5,0.125,Togo
2022,TGO,0,0,,Togo
2023,TGO,3,0,0,Togo
1949,THA,16,2,0.125,Thailand
1951,THA,1,0,0,Thailand
1958,THA,10201,1426,0.13979021664542693,Thailand
1959,THA,4368,613,0.14033882783882784,Thailand
1963,THA,2230,156,0.06995515695067264,Thailand
1964,THA,960,30,0.03125,Thailand
1965,THA,65,4,0.06153846153846154,Thailand
1966,THA,401,21,0.05236907730673317,Thailand
1967,THA,148,6,0.04054054054054054,Thailand
1968,THA,404,21,0.05198019801980198,Thailand
1969,THA,961,40,0.04162330905306972,Thailand
1973,THA,844,33,0.03909952606635071,Thailand
1974,THA,1475,64,0.04338983050847458,Thailand
1975,THA,1335,88,0.06591760299625468,Thailand
1976,THA,6,0,0,Thailand
1977,THA,383,5,0.013054830287206266,Thailand
1978,THA,4183,123,0.029404733444896008,Thailand
1979,THA,1788,44,0.024608501118568233,Thailand
1980,THA,4331,85,0.019625952435927036,Thailand
1981,THA,39,2,0.05128205128205128,Thailand
1982,THA,638,16,0.025078369905956112,Thailand
1983,THA,1497,41,0.02738810955243821,Thailand
1984,THA,645,19,0.02945736434108527,Thailand
1985,THA,899,14,0.01557285873192436,Thailand
1986,THA,213,1,0.004694835680751174,Thailand
1987,THA,6353,36,0.005666614198016685,Thailand
1988,THA,3418,41,0.011995318899941486,Thailand
1994,THA,3487,5,0.0014338973329509608,Thailand
2006,THA,35,0,0,Thailand
2007,THA,1428,7,0.004901960784313725,Thailand
2008,THA,436,3,0.006880733944954129,Thailand
2009,THA,315,2,0.006349206349206349,Thailand
2010,THA,1974,15,0.007598784194528876,Thailand
2011,THA,279,4,0.014336917562724014,Thailand
2012,THA,29,0,0,Thailand
2013,THA,8,0,0,Thailand
2014,THA,12,0,0,Thailand
2015,THA,125,1,0.008,Thailand
2016,THA,52,1,0.019230769230769232,Thailand
2017,THA,8,0,0,Thailand
2018,THA,6,0,0,Thailand
2019,THA,12,1,0.08333333333333333,Thailand
2020,THA,7,1,0.14285714285714285,Thailand
2021,THA,1,0,0,Thailand
2022,THA,5,1,0.2,Thailand
2023,THA,6,0,0,Thailand
1993,TJK,165,5,0.030303030303030304,Tajikistan
1994,TJK,10,0,0,Tajikistan
2015,TJK,0,,,Tajikistan
2016,TJK,0,,,Tajikistan
2017,TJK,0,,,Tajikistan
2018,TJK,0,,,Tajikistan
2019,TJK,0,,,Tajikistan
2020,TJK,0,,,Tajikistan
2021,TJK,0,,,Tajikistan
1994,TKM,1,0,0,Turkmenistan
1997,TKM,55,0,0,Turkmenistan
2001,TKM,561,6,0.0106951871657754,Turkmenistan
2002,TKM,30,2,0.06666666666666667,Turkmenistan
2015,TKM,0,,,Turkmenistan
2016,TKM,0,,,Turkmenistan
2017,TKM,0,,,Turkmenistan
2018,TKM,0,,,Turkmenistan
2019,TKM,0,,,Turkmenistan
2020,TKM,0,,,Turkmenistan
2021,TKM,0,,,Turkmenistan
2015,TLS,0,,,Timor-Leste
2016,TLS,0,,,Timor-Leste
2017,TLS,0,0,,Timor-Leste
2018,TLS,0,0,,Timor-Leste
2019,TLS,0,0,,Timor-Leste
2020,TLS,0,0,,Timor-Leste
2021,TLS,0,0,,Timor-Leste
2001,TON,145,2,0.013793103448275862,Tonga
2015,TON,0,,,Tonga
2016,TON,0,,,Tonga
2017,TON,0,0,,Tonga
2018,TON,0,0,,Tonga
2019,TON,0,,,Tonga
2020,TON,0,0,,Tonga
2021,TON,0,0,,Tonga
2023,TON,0,0,,Tonga
1970,TUN,27,0,0,Tunisia
1972,TUN,4,0,0,Tunisia
1973,TUN,656,16,0.024390243902439025,Tunisia
2015,TUN,0,,,Tunisia
2016,TUN,0,,,Tunisia
2017,TUN,0,0,,Tunisia
2018,TUN,0,0,,Tunisia
2019,TUN,0,,,Tunisia
2021,TUN,0,0,,Tunisia
2023,TUN,0,0,,Tunisia
1970,TUR,384,52,0.13541666666666666,Turkey
1977,TUR,17,0,0,Turkey
2015,TUR,0,,,Turkey
2016,TUR,0,,,Turkey
2017,TUR,0,,,Turkey
2018,TUR,0,,,Turkey
2019,TUR,0,,,Turkey
2020,TUR,0,,,Turkey
2021,TUR,0,,,Turkey
1990,TUV,42,0,0,Tuvalu
1992,TUV,293,8,0.027303754266211604,Tuvalu
2015,TUV,0,,,Tuvalu
2016,TUV,0,,,Tuvalu
2017,TUV,0,0,,Tuvalu
2018,TUV,0,0,,Tuvalu
2019,TUV,0,,,Tuvalu
2020,TUV,0,0,,Tuvalu
2021,TUV,0,0,,Tuvalu
2023,TUV,0,0,,Tuvalu
1974,TZA,10,6,0.6,Tanzania
1977,TZA,297,26,0.08754208754208755,Tanzania
1978,TZA,6608,733,0.11092615012106538,Tanzania
1979,TZA,2559,305,0.11918718249316139,Tanzania
1980,TZA,5196,587,0.11297151655119322,Tanzania
1981,TZA,4241,330,0.07781183683093609,Tanzania
1982,TZA,4071,324,0.079587324981577,Tanzania
1983,TZA,1816,127,0.06993392070484582,Tanzania
1984,TZA,2600,338,0.13,Tanzania
1985,TZA,1984,250,0.12600806451612903,Tanzania
1986,TZA,1231,215,0.17465475223395613,Tanzania
1987,TZA,1892,232,0.1226215644820296,Tanzania
1988,TZA,5267,580,0.1101196126827416,Tanzania
1989,TZA,2150,232,0.10790697674418605,Tanzania
1990,TZA,2230,81,0.03632286995515695,Tanzania
1991,TZA,5676,572,0.10077519379844961,Tanzania
1992,TZA,18526,2173,0.11729461297635756,Tanzania
1993,TZA,792,74,0.09343434343434344,Tanzania
1994,TZA,2240,155,0.06919642857142858,Tanzania
1995,TZA,2957,96,0.03246533648968549,Tanzania
1996,TZA,1464,36,0.02459016393442623,Tanzania
1997,TZA,40249,2231,0.05542994857015081,Tanzania
1998,TZA,14488,608,0.041965764770844835,Tanzania
1999,TZA,12266,584,0.047611283221914234,Tanzania
2000,TZA,4637,156,0.033642441233556176,Tanzania
2001,TZA,1300,52,0.04,Tanzania
2002,TZA,11920,297,0.024916107382550335,Tanzania
2003,TZA,710,32,0.04507042253521127,Tanzania
2004,TZA,10319,272,0.026359143327841845,Tanzania
2005,TZA,2945,94,0.03191850594227504,Tanzania
2006,TZA,14297,254,0.017765964887738687,Tanzania
2007,TZA,1609,65,0.040397762585456805,Tanzania
2008,TZA,2911,88,0.03023016145654414,Tanzania
2009,TZA,7700,113,0.014675324675324675,Tanzania
2010,TZA,4469,59,0.013202058626090848,Tanzania
2011,TZA,942,11,0.01167728237791932,Tanzania
2012,TZA,286,4,0.013986013986013986,Tanzania
2013,TZA,270,17,0.06296296296296296,Tanzania
2015,TZA,11563,144,0.01245351552365303,Tanzania
2016,TZA,11360,172,0.015140845070422536,Tanzania
2017,TZA,4895,99,0.020224719101123594,Tanzania
2018,TZA,4777,84,0.017584257902449236,Tanzania
2020,TZA,0,,,Tanzania
2021,TZA,54,0,0,Tanzania
1971,UGA,757,30,0.03963011889035667,Uganda
1975,UGA,3,0,0,Uganda
1978,UGA,1120,110,0.09821428571428571,Uganda
1979,UGA,940,60,0.06382978723404255,Uganda
1980,UGA,1539,181,0.11760883690708251,Uganda
1982,UGA,190,48,0.25263157894736843,Uganda
1987,UGA,140,50,0.35714285714285715,Uganda
1991,UGA,279,28,0.1003584229390681,Uganda
1992,UGA,5072,104,0.02050473186119874,Uganda
1994,UGA,704,39,0.05539772727272727,Uganda
1995,UGA,538,66,0.12267657992565056,Uganda
1996,UGA,291,40,0.13745704467353953,Uganda
1997,UGA,2610,188,0.07203065134099616,Uganda
1998,UGA,49514,2064,0.041685179949105304,Uganda
1999,UGA,5179,228,0.04402394284610929,Uganda
2000,UGA,2807,172,0.06127538297114357,Uganda
2001,UGA,247,4,0.016194331983805668,Uganda
2002,UGA,2274,133,0.0584872471416007,Uganda
2003,UGA,4377,129,0.029472241261137764,Uganda
2004,UGA,3380,91,0.026923076923076925,Uganda
2005,UGA,4924,98,0.019902518277822908,Uganda
2006,UGA,5194,106,0.02040816326530612,Uganda
2007,UGA,276,3,0.010869565217391304,Uganda
2008,UGA,3726,120,0.0322061191626409,Uganda
2009,UGA,1095,23,0.021004566210045664,Uganda
2010,UGA,2341,78,0.03331909440410081,Uganda
2012,UGA,6326,135,0.021340499525766676,Uganda
2013,UGA,748,27,0.03609625668449198,Uganda
2014,UGA,309,9,0.02912621359223301,Uganda
2015,UGA,1461,33,0.022587268993839837,Uganda
2016,UGA,516,11,0.02131782945736434,Uganda
2017,UGA,252,0,0,Uganda
2018,UGA,4440,90,0.02027027027027027,Uganda
2019,UGA,358,5,0.013966480446927373,Uganda
2020,UGA,1521,18,0.011834319526627219,Uganda
2021,UGA,173,0,0,Uganda
2022,UGA,0,0,,Uganda
1991,UKR,75,0,0,Ukraine
1994,UKR,813,20,0.024600246002460024,Ukraine
1995,UKR,525,10,0.01904761904761905,Ukraine
1999,UKR,2,0,0,Ukraine
2007,UKR,1,0,0,Ukraine
2011,UKR,33,0,0,Ukraine
2015,UKR,0,,,Ukraine
2016,UKR,0,,,Ukraine
2017,UKR,0,,,Ukraine
2018,UKR,0,,,Ukraine
2019,UKR,0,,,Ukraine
2020,UKR,0,,,Ukraine
2021,UKR,0,,,Ukraine
1977,USA,2,,,United States
1980,USA,10,,,United States
1981,USA,21,,,United States
1983,USA,1,,,United States
1984,USA,1,,,United States
1985,USA,4,,,United States
1986,USA,17,,,United States
1987,USA,6,0,0,United States
1988,USA,9,0,0,United States
1990,USA,7,0,0,United States
1991,USA,26,0,0,United States
1992,USA,103,1,0.009708737864077669,United States
1993,USA,19,0,0,United States
1994,USA,47,0,0,United States
1995,USA,19,0,0,United States
1996,USA,3,0,0,United States
1997,USA,4,0,0,United States
1998,USA,17,0,0,United States
1999,USA,6,0,0,United States
2000,USA,4,0,0,United States
2001,USA,4,,,United States
2002,USA,2,,,United States
2003,USA,2,,,United States
2004,USA,5,0,0,United States
2005,USA,12,0,0,United States
2006,USA,8,0,0,United States
2007,USA,7,0,0,United States
2008,USA,5,0,0,United States
2009,USA,10,0,0,United States
2010,USA,15,0,0,United States
2011,USA,42,0,0,United States
2012,USA,18,0,0,United States
2013,USA,14,0,0,United States
2014,USA,7,0,0,United States
2015,USA,4,0,0,United States
2016,USA,14,0,0,United States
2017,USA,11,0,0,United States
2018,USA,10,0,0,United States
2019,USA,0,,,United States
2020,USA,0,,,United States
2021,USA,0,,,United States
1994,UZB,1,0,0,Uzbekistan
2015,UZB,0,,,Uzbekistan
2016,UZB,0,,,Uzbekistan
2017,UZB,0,,,Uzbekistan
2018,UZB,0,,,Uzbekistan
2019,UZB,0,,,Uzbekistan
2020,UZB,0,,,Uzbekistan
2021,UZB,0,,,Uzbekistan
1991,VEN,15,2,0.13333333333333333,Venezuela
1992,VEN,2842,68,0.023926812104152005,Venezuela
1993,VEN,409,10,0.02444987775061125,Venezuela
1996,VEN,269,9,0.03345724907063197,Venezuela
1997,VEN,2551,59,0.023128185025480204,Venezuela
1998,VEN,313,7,0.022364217252396165,Venezuela
1999,VEN,376,8,0.02127659574468085,Venezuela
2000,VEN,141,0,0,Venezuela
2011,VEN,49,0,0,Venezuela
2013,VEN,4,0,0,Venezuela
2015,VEN,0,,,Venezuela
2016,VEN,0,,,Venezuela
2017,VEN,0,,,Venezuela
2018,VEN,0,,,Venezuela
2019,VEN,0,,,Venezuela
2020,VEN,0,,,Venezuela
2021,VEN,0,,,Venezuela
1950,VNM,9,4,0.4444444444444444,Vietnam
1951,VNM,26,21,0.8076923076923077,Vietnam
1952,VNM,7,6,0.8571428571428571,Vietnam
1953,VNM,7,7,1,Vietnam
1954,VNM,3,3,1,Vietnam
1964,VNM,20186,872,0.04319825621718022,Vietnam
1965,VNM,1738,29,0.01668584579976985,Vietnam
1966,VNM,8353,167,0.019992816951993297,Vietnam
1967,VNM,7664,71,0.009264091858037579,Vietnam
1968,VNM,1097,8,0.007292616226071103,Vietnam
1969,VNM,2573,26,0.010104935872522347,Vietnam
1970,VNM,82,1,0.012195121951219513,Vietnam
1971,VNM,270,1,0.003703703703703704,Vietnam
1972,VNM,146,1,0.00684931506849315,Vietnam
1973,VNM,1495,18,0.012040133779264214,Vietnam
1974,VNM,139,2,0.014388489208633094,Vietnam
1975,VNM,5,0,0,Vietnam
1976,VNM,1068,0,0,Vietnam
1977,VNM,32,0,0,Vietnam
1978,VNM,2,0,0,Vietnam
1979,VNM,365,28,0.07671232876712329,Vietnam
1980,VNM,978,49,0.050102249488752554,Vietnam
1981,VNM,157,8,0.050955414012738856,Vietnam
1982,VNM,57,0,0,Vietnam
1983,VNM,392,0,0,Vietnam
1984,VNM,22,0,0,Vietnam
1985,VNM,502,9,0.017928286852589643,Vietnam
1986,VNM,525,8,0.015238095238095238,Vietnam
1987,VNM,216,5,0.023148148148148147,Vietnam
1988,VNM,343,7,0.02040816326530612,Vietnam
1989,VNM,143,0,0,Vietnam
1990,VNM,358,4,0.0111731843575419,Vietnam
1991,VNM,52,1,0.019230769230769232,Vietnam
1992,VNM,4260,110,0.025821596244131457,Vietnam
1993,VNM,3361,9,0.002677774471883368,Vietnam
1994,VNM,5776,68,0.011772853185595568,Vietnam
1995,VNM,6088,45,0.007391590013140605,Vietnam
1996,VNM,566,2,0.0035335689045936395,Vietnam
1997,VNM,4,0,0,Vietnam
1998,VNM,13,1,0.07692307692307693,Vietnam
1999,VNM,169,0,0,Vietnam
2005,VNM,0,0,,Vietnam
2007,VNM,1946,0,0,Vietnam
2008,VNM,853,0,0,Vietnam
2009,VNM,471,1,0.0021231422505307855,Vietnam
2010,VNM,606,0,0,Vietnam
2011,VNM,3,,,Vietnam
2015,VNM,0,,,Vietnam
2016,VNM,0,,,Vietnam
2017,VNM,0,0,,Vietnam
2018,VNM,0,,,Vietnam
2019,VNM,0,,,Vietnam
2020,VNM,0,0,,Vietnam
2021,VNM,0,0,,Vietnam
2023,VNM,0,0,,Vietnam
2015,VUT,0,,,Vanuatu
2016,VUT,0,,,Vanuatu
2017,VUT,0,0,,Vanuatu
2018,VUT,0,0,,Vanuatu
2019,VUT,0,,,Vanuatu
2020,VUT,0,0,,Vanuatu
2021,VUT,0,0,,Vanuatu
2023,VUT,0,0,,Vanuatu
1980,WSM,1,0,0,Samoa
2015,WSM,0,,,Samoa
2016,WSM,0,,,Samoa
2017,WSM,0,0,,Samoa
2018,WSM,0,0,,Samoa
2019,WSM,0,,,Samoa
2020,WSM,0,0,,Samoa
2021,WSM,0,0,,Samoa
2023,WSM,0,0,,Samoa
1971,YEM,190,26,0.1368421052631579,Yemen
1972,YEM,1064,140,0.13157894736842105,Yemen
1973,YEM,215,23,0.10697674418604651,Yemen
1974,YEM,6,1,0.16666666666666666,Yemen
1975,YEM,1,0,0,Yemen
1978,YEM,414,12,0.028985507246376812,Yemen
1979,YEM,1953,45,0.02304147465437788,Yemen
1980,YEM,720,20,0.027777777777777776,Yemen
1992,YEM,4,0,0,Yemen
2009,YEM,55,3,0.05454545454545454,Yemen
2010,YEM,300,4,0.013333333333333334,Yemen
2011,YEM,31789,134,0.004215294598760577,Yemen
2015,YEM,0,,,Yemen
2016,YEM,15751,164,0.010412037330963114,Yemen
2017,YEM,1032481,2261,0.0021898708063392935,Yemen
2018,YEM,371326,505,0.0013599909513473335,Yemen
2019,YEM,861096,1025,0.0011903434692531378,Yemen
2020,YEM,275712,115,4.171019034354689e-4,Yemen
2021,YEM,72765,45,6.184291898577613e-4,Yemen
1973,ZAF,1,0,0,S Africa
1974,ZAF,37,0,0,S Africa
1979,ZAF,2,0,0,S Africa
1980,ZAF,859,16,0.018626309662398137,S Africa
1981,ZAF,4180,52,0.012440191387559809,S Africa
1982,ZAF,11968,224,0.01871657754010695,S Africa
1983,ZAF,4715,63,0.013361611876988335,S Africa
1984,ZAF,1182,20,0.01692047377326565,S Africa
1985,ZAF,2742,4,0.0014587892049598833,S Africa
1986,ZAF,120,1,0.008333333333333333,S Africa
1987,ZAF,37,0,0,S Africa
1991,ZAF,10,0,0,S Africa
1992,ZAF,11,0,0,S Africa
1993,ZAF,78,2,0.02564102564102564,S Africa
1994,ZAF,4,0,0,S Africa
1998,ZAF,20,1,0.05,S Africa
1999,ZAF,68,2,0.029411764705882353,S Africa
2000,ZAF,19667,68,0.003457568515787868,S Africa
2001,ZAF,106159,232,0.0021854011435676673,S Africa
2002,ZAF,10004,32,0.003198720511795282,S Africa
2003,ZAF,3901,45,0.011535503716995642,S Africa
2004,ZAF,2767,35,0.01264907842428623,S Africa
2005,ZAF,3503,28,0.00799314872966029,S Africa
2006,ZAF,0,0,,S Africa
2008,ZAF,3907,22,0.005630918863578193,S Africa
2009,ZAF,10520,57,0.005418250950570342,S Africa
2011,ZAF,0,,,S Africa
2012,ZAF,0,,,S Africa
2013,ZAF,1,0,0,S Africa
2014,ZAF,0,,,S Africa
2015,ZAF,0,,,S Africa
2016,ZAF,0,,,S Africa
2017,ZAF,0,,,S Africa
2019,ZAF,0,,,S Africa
2020,ZAF,0,,,S Africa
2021,ZAF,0,,,S Africa
2022,ZAF,1,0,0,S Africa
2023,ZAF,1478,47,0.031799729364005415,S Africa
1978,ZMB,263,36,0.13688212927756654,Zambia
1979,ZMB,12,11,0.9166666666666666,Zambia
1980,ZMB,57,17,0.2982456140350877,Zambia
1981,ZMB,14,0,0,Zambia
1982,ZMB,1403,131,0.09337134711332858,Zambia
1983,ZMB,233,19,0.0815450643776824,Zambia
1989,ZMB,44,44,1,Zambia
1990,ZMB,3717,315,0.0847457627118644,Zambia
1991,ZMB,13154,1091,0.08294055040291927,Zambia
1992,ZMB,11659,913,0.07830860279612317,Zambia
1993,ZMB,6766,426,0.06296186816435116,Zambia
1996,ZMB,2172,42,0.019337016574585635,Zambia
1997,ZMB,36,0,0,Zambia
1998,ZMB,171,0,0,Zambia
1999,ZMB,13511,535,0.039597365109910444,Zambia
2000,ZMB,4504,303,0.06727353463587922,Zambia
2001,ZMB,3109,165,0.053071727243486654,Zambia
2002,ZMB,339,12,0.035398230088495575,Zambia
2003,ZMB,1049,29,0.027645376549094377,Zambia
2004,ZMB,12149,373,0.03070211540044448,Zambia
2005,ZMB,1503,7,0.004657351962741184,Zambia
2006,ZMB,5360,183,0.03414179104477612,Zambia
2007,ZMB,2286,35,0.01531058617672791,Zambia
2008,ZMB,2061,39,0.018922852983988356,Zambia
2009,ZMB,4712,80,0.01697792869269949,Zambia
2010,ZMB,6794,62,0.009125699146305564,Zambia
2011,ZMB,330,7,0.021212121212121213,Zambia
2012,ZMB,198,2,0.010101010101010102,Zambia
2017,ZMB,1794,57,0.03177257525083612,Zambia
2018,ZMB,4082,74,0.018128368446839783,Zambia
2019,ZMB,447,9,0.020134228187919462,Zambia
2020,ZMB,0,0,,Zambia
2021,ZMB,0,0,,Zambia
2022,ZMB,34,0,0,Zambia
2023,ZMB,4531,132,0.029132641800926947,Zambia
1973,ZWE,1,,,Zimbabwe
1974,ZWE,37,0,0,Zimbabwe
1975,ZWE,615,33,0.05365853658536585,Zimbabwe
1976,ZWE,144,9,0.0625,Zimbabwe
1985,ZWE,144,6,0.041666666666666664,Zimbabwe
1986,ZWE,2,,,Zimbabwe
1992,ZWE,2048,105,0.05126953125,Zimbabwe
1993,ZWE,5385,332,0.061652739090064995,Zimbabwe
1998,ZWE,995,44,0.044221105527638194,Zimbabwe
1999,ZWE,5637,385,0.06829874046478623,Zimbabwe
2000,ZWE,1675,223,0.13313432835820896,Zimbabwe
2001,ZWE,650,14,0.021538461538461538,Zimbabwe
2002,ZWE,3125,192,0.06144,Zimbabwe
2003,ZWE,1009,35,0.03468780971258672,Zimbabwe
2004,ZWE,119,9,0.07563025210084033,Zimbabwe
2005,ZWE,516,26,0.050387596899224806,Zimbabwe
2006,ZWE,789,61,0.07731305449936629,Zimbabwe
2007,ZWE,65,4,0.06153846153846154,Zimbabwe
2008,ZWE,60055,2928,0.04875530763466822,Zimbabwe
2009,ZWE,68153,2706,0.03970478188781125,Zimbabwe
2010,ZWE,951,21,0.022082018927444796,Zimbabwe
2011,ZWE,1220,2,0.001639344262295082,Zimbabwe
2012,ZWE,23,1,0.043478260869565216,Zimbabwe
2015,ZWE,60,0,0,Zimbabwe
2016,ZWE,10,1,0.1,Zimbabwe
2018,ZWE,10692,65,0.0060793116348671905,Zimbabwe
2019,ZWE,61,3,0.04918032786885246,Zimbabwe
2020,ZWE,0,0,,Zimbabwe
2021,ZWE,0,0,,Zimbabwe
2022,ZWE,4,1,0.25,Zimbabwe
2023,ZWE,14148,308,0.021769861464517953,Zimbabwe
