shape1,shape2
1.562326,1.638044