shape1,shape2
5.604821,5.125101