"threshold","admin_level","ocv_cost_per_ac_district_estimate_median","ocv_cost_per_ac_no_estimate_median","test_cost_per_ac_median","ocv_cost_saved_per_ac_median","spend_cost_ratio_median","ocv_cost_per_ac_district_estimate_lb","ocv_cost_per_ac_no_estimate_lb","test_cost_per_ac_lb","ocv_cost_saved_per_ac_lb","spend_cost_ratio_lb","ocv_cost_per_ac_district_estimate_ub","ocv_cost_per_ac_no_estimate_ub","test_cost_per_ac_ub","ocv_cost_saved_per_ac_ub","spend_cost_ratio_ub"
1e-04,"admin1",2796.795615492,4011.77686960049,12.6981138234387,1221.03508036958,94.7241159956213,2554.34684973289,3694.13430432674,11.8062067615135,1007.90884489872,80.3321295844337,3105.7663159444,4379.70094959522,14.2429543642846,1514.11325096159,113.103243740414
1e-04,"admin2",1818.83903121636,2451.66268984213,10.2566283993003,630.754819228649,61.0176832771256,1642.93988165344,2152.91469106927,9.42300490094908,509.191311515259,52.0001863586126,2006.45094127356,2707.11901648203,11.294220151174,731.157752178872,69.4622556536646
2e-04,"admin1",1885.85898226996,2759.15728121474,18.1445931477979,879.376129112227,48.8199656165001,1701.84117298271,2494.89669460428,15.9709791907213,660.219506899906,39.1087426161842,2131.82203239382,3061.5438928069,21.0546025706033,1090.40965104031,56.2106742296064
2e-04,"admin2",1259.50457989281,1841.05806858067,12.8508463536273,587.341276258209,45.1522973865889,1129.96606161821,1657.84315313243,11.5943336515806,473.258044340427,39.2027909274713,1399.53692822572,2041.64010645029,14.2999294181437,682.267602080521,50.733377217532
0.001,"admin1",569.666844481834,1128.16118940837,93.1015496976437,550.937889186001,5.7845388419561,344.235385755113,928.545605096769,60.3935081477296,307.808458598137,3.51486394470931,816.174446272336,1360.93331895284,145.169985104002,835.200265089778,9.05105432028437
0.001,"admin2",437.56958558991,684.82522063995,31.231394604207,248.391131977094,7.91408533690291,376.054235508324,603.145212576408,25.395309715526,176.491326453484,6.42721787299846,501.425249145803,780.338175650044,38.6238128948072,325.98840908402,9.39762975937801
